state,stratum,psu,weight,has_subsidy
State_01,Stratum_02,PSU_033,73.02535612832425,1
State_01,Stratum_02,PSU_042,62.12485826611884,0
State_01,Stratum_02,PSU_022,63.84815645821672,1
State_01,Stratum_02,PSU_022,145.40635773271728,0
State_01,Stratum_02,PSU_036,241.6982968674449,1
State_01,Stratum_02,PSU_023,65.49218688836312,0
State_01,Stratum_02,PSU_043,71.44560843019319,0
State_01,Stratum_02,PSU_037,109.2281335146994,1
State_01,Stratum_02,PSU_029,413.49723671490045,1
State_01,Stratum_02,PSU_034,87.63810774216387,0
State_01,Stratum_02,PSU_042,136.65378304468655,0
State_01,Stratum_02,PSU_022,181.8844475895661,0
State_01,Stratum_02,PSU_037,99.80000450257432,0
State_02,Stratum_24,PSU_417,25.901621599258807,1
State_02,Stratum_24,PSU_416,16.922328644336286,0
State_02,Stratum_24,PSU_401,15.122742715733116,0
State_02,Stratum_24,PSU_415,34.69276697752498,0
State_02,Stratum_24,PSU_406,56.677252810736256,0
State_02,Stratum_24,PSU_408,37.553603517920806,0
State_02,Stratum_24,PSU_400,28.45552440091967,0
State_02,Stratum_24,PSU_417,41.94030769220686,0
State_02,Stratum_24,PSU_407,36.603098145128,0
State_02,Stratum_24,PSU_405,50.40659151121998,0
State_02,Stratum_24,PSU_402,64.73348805788633,0
State_02,Stratum_24,PSU_419,20.693748490423577,0
State_02,Stratum_24,PSU_416,10.352504093298627,0
State_02,Stratum_24,PSU_411,27.97351904670926,0
State_02,Stratum_24,PSU_409,20.032500508051594,0
State_02,Stratum_24,PSU_402,50.5521666938566,0
State_02,Stratum_24,PSU_419,23.21642067392638,0
State_02,Stratum_24,PSU_402,13.0545586468722,0
State_02,Stratum_24,PSU_408,25.026267899878544,0
State_02,Stratum_24,PSU_403,15.816276229702304,0
State_02,Stratum_24,PSU_407,73.85513749334882,1
State_02,Stratum_24,PSU_401,42.21804308313835,0
State_02,Stratum_24,PSU_415,46.09966891816875,0
State_02,Stratum_24,PSU_401,43.59925142707966,1
State_02,Stratum_24,PSU_414,50.76018529690191,0
State_02,Stratum_24,PSU_402,58.77389102965,1
State_02,Stratum_24,PSU_416,25.461156950580136,0
State_02,Stratum_24,PSU_415,16.396139276635797,0
State_02,Stratum_24,PSU_405,21.835996967157747,0
State_02,Stratum_24,PSU_403,32.602921528041016,1
State_02,Stratum_24,PSU_410,9.252147834743749,0
State_02,Stratum_24,PSU_415,59.050301903051626,1
State_02,Stratum_24,PSU_411,12.918405837613715,0
State_02,Stratum_24,PSU_401,44.99599008447927,1
State_02,Stratum_24,PSU_407,30.660994798389414,0
State_02,Stratum_24,PSU_415,38.45983215383748,1
State_02,Stratum_24,PSU_415,26.339424390137985,0
State_02,Stratum_24,PSU_418,37.1747568856558,0
State_02,Stratum_24,PSU_414,26.339980384014595,0
State_02,Stratum_24,PSU_411,25.25277727471201,0
State_02,Stratum_24,PSU_417,21.29364237194314,0
State_02,Stratum_24,PSU_415,71.51746547707131,0
State_02,Stratum_24,PSU_402,40.0641300768952,0
State_02,Stratum_24,PSU_410,37.0317311945272,0
State_03,Stratum_08,PSU_134,115.8388823395557,0
State_03,Stratum_08,PSU_135,39.68259253955884,1
State_03,Stratum_08,PSU_132,64.93644842268785,0
State_03,Stratum_08,PSU_134,73.35334347653804,0
State_03,Stratum_08,PSU_136,144.67694220713798,0
State_03,Stratum_08,PSU_134,94.46589246048222,0
State_03,Stratum_08,PSU_134,58.17266291550386,0
State_03,Stratum_08,PSU_134,68.39096664999516,0
State_03,Stratum_08,PSU_139,23.885267358858474,1
State_03,Stratum_08,PSU_139,99.43635858340308,0
State_03,Stratum_08,PSU_132,84.61148207641509,0
State_03,Stratum_08,PSU_130,112.31212229969265,0
State_03,Stratum_08,PSU_134,57.00727754127402,0
State_03,Stratum_08,PSU_143,65.31515677743566,0
State_03,Stratum_08,PSU_138,48.16027014677322,0
State_03,Stratum_08,PSU_143,34.50748068240111,0
State_03,Stratum_08,PSU_130,45.33482421140743,0
State_03,Stratum_08,PSU_132,24.66914716490699,0
State_03,Stratum_08,PSU_142,96.78638589215922,0
State_03,Stratum_08,PSU_142,20.650970867105567,1
State_03,Stratum_08,PSU_133,169.23272657859303,0
State_03,Stratum_08,PSU_143,25.3591632800176,0
State_03,Stratum_08,PSU_130,129.69012132175163,1
State_03,Stratum_08,PSU_130,38.90709260568289,0
State_03,Stratum_08,PSU_137,81.10301353724762,1
State_03,Stratum_08,PSU_145,42.05508198238162,0
State_03,Stratum_08,PSU_131,141.46858307320724,1
State_03,Stratum_08,PSU_141,62.61813414770398,0
State_03,Stratum_08,PSU_144,104.79903785102638,1
State_03,Stratum_08,PSU_137,63.63907095590013,0
State_04,Stratum_02,PSU_045,6.7848797871251785,0
State_04,Stratum_02,PSU_040,15.723837955639574,0
State_04,Stratum_02,PSU_028,17.15472635758749,0
State_04,Stratum_02,PSU_024,23.336174233398285,1
State_04,Stratum_02,PSU_036,9.785749000456684,0
State_04,Stratum_02,PSU_044,15.046855227180188,0
State_04,Stratum_02,PSU_035,16.47822396707865,0
State_04,Stratum_02,PSU_032,7.757520444796754,1
State_04,Stratum_02,PSU_036,12.073521028512062,1
State_04,Stratum_02,PSU_034,13.824533892556692,1
State_04,Stratum_02,PSU_039,6.312384267793323,0
State_04,Stratum_02,PSU_027,22.604304544549603,0
State_04,Stratum_02,PSU_024,9.75408457255221,1
State_04,Stratum_02,PSU_040,10.38756983594597,0
State_04,Stratum_02,PSU_036,6.193012121162449,0
State_04,Stratum_02,PSU_044,6.735413281438963,0
State_04,Stratum_02,PSU_026,3.3162511350704524,0
State_04,Stratum_02,PSU_031,10.223307958155017,1
State_04,Stratum_02,PSU_028,34.81111993085933,0
State_04,Stratum_02,PSU_038,5.97618584022464,1
State_04,Stratum_02,PSU_028,44.04407042584838,0
State_04,Stratum_02,PSU_043,20.1704346379509,1
State_04,Stratum_02,PSU_033,7.848307305517723,0
State_04,Stratum_02,PSU_038,10.081727445989316,0
State_04,Stratum_02,PSU_034,9.29560878694625,1
State_04,Stratum_02,PSU_041,23.340131381264804,0
State_04,Stratum_02,PSU_025,12.879026483237304,1
State_04,Stratum_02,PSU_031,17.95878290277988,0
State_04,Stratum_02,PSU_024,11.895714293438346,1
State_04,Stratum_02,PSU_030,9.403726142448058,0
State_04,Stratum_02,PSU_034,11.708369778043467,1
State_04,Stratum_02,PSU_039,8.114236830350537,0
State_04,Stratum_02,PSU_036,4.811410322228437,0
State_04,Stratum_02,PSU_025,14.938422082207886,1
State_04,Stratum_02,PSU_036,4.695056022620234,0
State_04,Stratum_02,PSU_043,8.694365574709384,0
State_04,Stratum_02,PSU_023,7.981769473006321,0
State_04,Stratum_02,PSU_036,13.718828532010754,1
State_04,Stratum_02,PSU_029,21.746320300329337,1
State_04,Stratum_02,PSU_029,18.16647010095129,1
State_04,Stratum_02,PSU_038,13.919695485267244,0
State_04,Stratum_02,PSU_033,7.258378424273895,0
State_04,Stratum_02,PSU_040,9.073496507881654,0
State_04,Stratum_02,PSU_031,8.435554194628025,0
State_04,Stratum_02,PSU_030,7.861296530253505,0
State_04,Stratum_02,PSU_026,8.1324864633208,0
State_04,Stratum_02,PSU_027,8.024691706376675,1
State_04,Stratum_02,PSU_041,7.8489453528316915,1
State_04,Stratum_02,PSU_023,16.007122479802202,1
State_04,Stratum_02,PSU_045,5.869525669677946,0
State_04,Stratum_02,PSU_034,6.905755663421944,0
State_04,Stratum_02,PSU_027,4.505905675227667,0
State_04,Stratum_02,PSU_026,20.18285881028702,1
State_04,Stratum_02,PSU_022,6.678148575872289,1
State_04,Stratum_02,PSU_042,13.838850425828651,1
State_04,Stratum_02,PSU_043,12.613298567901934,1
State_04,Stratum_02,PSU_042,19.230769602033288,0
State_04,Stratum_02,PSU_027,8.953852798835474,0
State_04,Stratum_02,PSU_027,6.1923977820927965,0
State_04,Stratum_02,PSU_044,4.56864782885801,0
State_04,Stratum_02,PSU_037,2.471374433702024,0
State_04,Stratum_02,PSU_025,10.78082272455326,1
State_04,Stratum_02,PSU_032,14.655688526284914,0
State_04,Stratum_02,PSU_045,12.590421440983386,1
State_04,Stratum_02,PSU_044,4.628394823390232,1
State_04,Stratum_02,PSU_030,16.718323637533388,0
State_04,Stratum_02,PSU_044,7.014533808755785,1
State_04,Stratum_02,PSU_024,6.319502723611142,1
State_04,Stratum_02,PSU_040,6.936353134837888,1
State_04,Stratum_02,PSU_029,10.34286314252004,1
State_04,Stratum_02,PSU_026,4.73386258491341,1
State_04,Stratum_02,PSU_025,9.762751847785651,1
State_04,Stratum_02,PSU_045,12.327300946219324,0
State_04,Stratum_02,PSU_027,17.300825502673526,1
State_04,Stratum_02,PSU_023,10.859829317608826,1
State_04,Stratum_02,PSU_041,5.090000964563886,0
State_04,Stratum_02,PSU_032,10.713850921388437,0
State_04,Stratum_02,PSU_025,5.853051400562962,0
State_04,Stratum_02,PSU_036,5.686640721776382,1
State_04,Stratum_02,PSU_027,5.031612289237541,1
State_04,Stratum_02,PSU_043,3.824644145957697,1
State_04,Stratum_02,PSU_038,7.4895647512518595,1
State_04,Stratum_02,PSU_045,17.488379655490704,0
State_04,Stratum_02,PSU_027,30.732916437891504,1
State_04,Stratum_02,PSU_040,7.465554364016914,0
State_04,Stratum_02,PSU_023,17.11824806021543,0
State_04,Stratum_02,PSU_036,8.164545904887666,0
State_04,Stratum_02,PSU_032,4.356741473317767,1
State_04,Stratum_02,PSU_029,14.119592895473126,0
State_04,Stratum_02,PSU_040,11.184169182401233,0
State_04,Stratum_02,PSU_034,24.6826871591756,1
State_04,Stratum_02,PSU_033,4.617036403548672,0
State_04,Stratum_02,PSU_026,40.24994443346922,0
State_04,Stratum_02,PSU_027,22.042026593375667,1
State_04,Stratum_02,PSU_043,9.856493557362317,1
State_04,Stratum_02,PSU_025,8.565764387432159,1
State_04,Stratum_02,PSU_040,6.953098132621896,0
State_04,Stratum_02,PSU_041,10.50612676850555,1
State_04,Stratum_02,PSU_022,9.07137808556053,1
State_04,Stratum_02,PSU_041,12.858305898440012,0
State_04,Stratum_02,PSU_038,8.584076683991483,0
State_04,Stratum_02,PSU_033,20.17762091792524,0
State_04,Stratum_02,PSU_036,10.586877735498192,1
State_04,Stratum_02,PSU_022,8.746763578437003,0
State_04,Stratum_02,PSU_035,16.597225785666037,0
State_04,Stratum_02,PSU_027,4.418633361560681,1
State_04,Stratum_02,PSU_026,11.7939471361236,0
State_04,Stratum_02,PSU_032,10.07319501924968,1
State_04,Stratum_02,PSU_025,4.91193031450695,1
State_04,Stratum_02,PSU_034,4.232702294427577,0
State_04,Stratum_02,PSU_032,16.48193232983744,1
State_04,Stratum_02,PSU_024,16.094661197146703,1
State_04,Stratum_02,PSU_022,10.841392899042864,0
State_04,Stratum_02,PSU_027,23.4629165915491,1
State_04,Stratum_02,PSU_039,12.398510694204584,0
State_04,Stratum_02,PSU_045,18.578312928634432,0
State_04,Stratum_02,PSU_031,12.271193978542694,0
State_04,Stratum_02,PSU_026,8.664095102316058,0
State_04,Stratum_02,PSU_044,5.861037545393743,0
State_04,Stratum_02,PSU_031,7.354954308353812,0
State_04,Stratum_02,PSU_033,8.745428734719157,0
State_04,Stratum_02,PSU_023,19.66162605728032,0
State_04,Stratum_02,PSU_034,14.615053342840374,0
State_04,Stratum_02,PSU_029,11.731198170627064,1
State_04,Stratum_02,PSU_023,15.365077245590468,1
State_04,Stratum_02,PSU_041,12.945964617128327,1
State_04,Stratum_02,PSU_022,11.33687939399642,1
State_04,Stratum_02,PSU_026,4.7009403746127445,1
State_04,Stratum_02,PSU_030,17.578403163953606,0
State_04,Stratum_02,PSU_038,7.907695074106336,1
State_04,Stratum_02,PSU_030,17.139100084543493,0
State_04,Stratum_02,PSU_032,17.987865918092325,1
State_04,Stratum_02,PSU_036,7.114056904097121,1
State_04,Stratum_02,PSU_045,15.989788655381156,0
State_04,Stratum_02,PSU_027,8.302847510604714,0
State_04,Stratum_02,PSU_044,8.327606711367201,1
State_04,Stratum_02,PSU_024,11.311601567813833,1
State_04,Stratum_02,PSU_038,11.465339912892,0
State_04,Stratum_02,PSU_026,10.138783563719118,1
State_04,Stratum_02,PSU_033,5.103610657948963,0
State_04,Stratum_02,PSU_039,9.359285474853191,0
State_04,Stratum_02,PSU_035,31.072762551856098,0
State_04,Stratum_02,PSU_042,2.472154789532925,1
State_04,Stratum_02,PSU_045,15.363007191832766,1
State_04,Stratum_02,PSU_032,16.871988065809898,1
State_04,Stratum_02,PSU_030,5.04258279183196,0
State_04,Stratum_02,PSU_023,7.864608930038481,0
State_04,Stratum_02,PSU_033,6.02991967762021,1
State_04,Stratum_02,PSU_024,25.130316797348147,0
State_04,Stratum_02,PSU_024,17.263680515962054,1
State_04,Stratum_02,PSU_022,17.68655871380738,0
State_04,Stratum_02,PSU_029,10.563618516799917,1
State_04,Stratum_02,PSU_043,19.166007055280087,0
State_04,Stratum_02,PSU_029,9.904349317147846,0
State_04,Stratum_02,PSU_032,19.62238649883362,0
State_04,Stratum_02,PSU_030,9.232631004198987,1
State_04,Stratum_02,PSU_026,7.081397751894584,1
State_04,Stratum_02,PSU_035,24.59559599522187,1
State_05,Stratum_23,PSU_384,59.18457590737656,0
State_05,Stratum_23,PSU_378,66.34980965542273,0
State_05,Stratum_23,PSU_395,83.66181108186362,1
State_05,Stratum_23,PSU_392,49.78745959101767,1
State_05,Stratum_23,PSU_385,35.0588370456224,0
State_05,Stratum_23,PSU_378,38.049253543710165,1
State_05,Stratum_23,PSU_393,38.233067944637305,1
State_05,Stratum_23,PSU_393,29.9877442383598,0
State_05,Stratum_23,PSU_392,56.53482621829232,1
State_05,Stratum_23,PSU_378,35.20527688516228,1
State_05,Stratum_23,PSU_378,53.163957040587455,0
State_05,Stratum_23,PSU_381,44.55021745492306,0
State_05,Stratum_23,PSU_388,47.2353952185952,0
State_05,Stratum_23,PSU_390,63.68713506114701,1
State_05,Stratum_23,PSU_384,36.78185653695191,1
State_05,Stratum_23,PSU_379,66.38026376675354,0
State_05,Stratum_23,PSU_389,105.594701014138,0
State_05,Stratum_23,PSU_380,57.25464636637784,0
State_05,Stratum_23,PSU_377,32.6193742589614,0
State_05,Stratum_23,PSU_386,35.46141667612462,0
State_05,Stratum_23,PSU_384,42.598660388891176,0
State_05,Stratum_23,PSU_378,35.820097134512686,1
State_05,Stratum_23,PSU_384,29.381467019761928,0
State_05,Stratum_23,PSU_378,52.0996325204482,1
State_05,Stratum_23,PSU_377,43.17905721617394,0
State_05,Stratum_23,PSU_387,53.02771485572583,0
State_05,Stratum_23,PSU_385,87.28232355423549,0
State_05,Stratum_23,PSU_384,42.85309366302172,0
State_06,Stratum_15,PSU_220,224.9887841881097,0
State_06,Stratum_15,PSU_233,204.8512821219676,1
State_06,Stratum_15,PSU_219,152.74750389012664,0
State_06,Stratum_15,PSU_229,393.56064347420846,1
State_06,Stratum_15,PSU_225,103.786668564488,0
State_06,Stratum_15,PSU_223,100.98368063115224,0
State_07,Stratum_06,PSU_116,1999.6939518565448,1
State_07,Stratum_06,PSU_115,5157.519123008319,0
State_07,Stratum_06,PSU_116,4815.8796544029365,0
State_07,Stratum_06,PSU_113,2729.593416448795,1
State_07,Stratum_06,PSU_113,1032.0403484521644,1
State_08,Stratum_01,PSU_008,46.77908130986843,1
State_08,Stratum_01,PSU_011,85.62121514028038,1
State_08,Stratum_01,PSU_013,56.17347795929637,1
State_08,Stratum_01,PSU_017,65.57061411920496,1
State_08,Stratum_01,PSU_008,142.05919882341036,1
State_08,Stratum_01,PSU_021,113.8338326678609,0
State_08,Stratum_01,PSU_018,50.871273977481344,1
State_08,Stratum_01,PSU_018,98.95124560469604,0
State_08,Stratum_01,PSU_014,88.6833424674723,0
State_08,Stratum_01,PSU_015,194.3245754761017,1
State_08,Stratum_01,PSU_006,165.7124780514803,0
State_08,Stratum_01,PSU_011,38.54426662950462,0
State_08,Stratum_01,PSU_013,127.6440538225339,0
State_09,Stratum_07,PSU_128,24.30802902763109,0
State_09,Stratum_07,PSU_119,56.55536431906864,0
State_09,Stratum_07,PSU_123,85.33146831106995,0
State_09,Stratum_07,PSU_129,117.3261888115978,0
State_09,Stratum_07,PSU_124,40.18733985733431,1
State_09,Stratum_07,PSU_129,86.68965570025108,0
State_09,Stratum_07,PSU_126,49.587555932058,0
State_09,Stratum_07,PSU_120,46.37128911148194,0
State_09,Stratum_07,PSU_127,78.63556808783399,0
State_09,Stratum_07,PSU_120,70.0462394639318,0
State_09,Stratum_07,PSU_124,22.983994216485637,1
State_09,Stratum_07,PSU_121,105.76972479315076,0
State_09,Stratum_07,PSU_125,100.7900686625886,0
State_09,Stratum_07,PSU_124,36.97391994589964,0
State_09,Stratum_07,PSU_122,61.61441884177387,0
State_09,Stratum_07,PSU_124,64.71605018955321,0
State_09,Stratum_07,PSU_120,57.58896856832015,0
State_09,Stratum_07,PSU_129,38.39171079638893,1
State_09,Stratum_07,PSU_119,36.13212882093612,0
State_09,Stratum_07,PSU_123,49.90978686277703,0
State_09,Stratum_07,PSU_119,90.8635252397018,0
State_09,Stratum_07,PSU_120,66.34007909823727,0
State_09,Stratum_07,PSU_123,42.00072930317141,0
State_09,Stratum_07,PSU_122,74.35444856457605,0
State_09,Stratum_07,PSU_125,12.166944876515872,0
State_10,Stratum_09,PSU_150,43.73576881244413,0
State_10,Stratum_09,PSU_160,36.80135938070523,0
State_10,Stratum_09,PSU_150,40.96859644462187,0
State_10,Stratum_09,PSU_157,113.52614061967766,1
State_10,Stratum_09,PSU_150,33.1656908381119,0
State_10,Stratum_09,PSU_146,37.74582429864678,1
State_10,Stratum_09,PSU_146,57.72281655721726,1
State_10,Stratum_09,PSU_153,59.32841103467871,0
State_10,Stratum_09,PSU_157,61.79611413387578,0
State_10,Stratum_09,PSU_153,46.978518433788,0
State_10,Stratum_09,PSU_157,19.275268999908278,1
State_10,Stratum_09,PSU_160,77.24955055977333,1
State_10,Stratum_09,PSU_160,19.24310154300332,0
State_10,Stratum_09,PSU_151,39.71158918987365,1
State_10,Stratum_09,PSU_157,23.41056477543689,0
State_10,Stratum_09,PSU_156,33.057754175750354,1
State_10,Stratum_09,PSU_158,40.23376372489045,0
State_10,Stratum_09,PSU_149,40.085069741713085,0
State_10,Stratum_09,PSU_147,42.1521507284271,0
State_10,Stratum_09,PSU_159,76.49160269718674,0
State_10,Stratum_09,PSU_147,42.82373403294535,0
State_10,Stratum_09,PSU_154,30.2122361837587,0
State_10,Stratum_09,PSU_160,55.27766371196172,1
State_10,Stratum_09,PSU_150,61.87155707301091,0
State_10,Stratum_09,PSU_149,18.476902232398743,0
State_10,Stratum_09,PSU_155,46.01766601368172,0
State_10,Stratum_09,PSU_158,48.46838369359846,1
State_10,Stratum_09,PSU_146,29.41614225420655,0
State_10,Stratum_09,PSU_152,67.90969027297737,0
State_10,Stratum_09,PSU_148,31.66770963074049,0
State_10,Stratum_09,PSU_151,36.34706864955732,0
State_10,Stratum_09,PSU_150,31.305362835652524,0
State_10,Stratum_09,PSU_150,34.40200526971441,1
State_10,Stratum_09,PSU_156,19.730936568468728,0
State_10,Stratum_09,PSU_150,16.614900119397443,0
State_10,Stratum_09,PSU_146,75.76056171313107,0
State_10,Stratum_09,PSU_146,22.350409822189555,0
State_10,Stratum_09,PSU_148,20.793265430198808,0
State_10,Stratum_09,PSU_159,11.63049205572267,1
State_10,Stratum_09,PSU_157,24.800019954044195,0
State_10,Stratum_09,PSU_155,17.615521818934344,1
State_10,Stratum_09,PSU_149,77.58180373038861,0
State_10,Stratum_09,PSU_150,56.55614583298097,1
State_10,Stratum_09,PSU_147,24.19752025292765,1
State_10,Stratum_09,PSU_153,105.27155337798526,1
State_10,Stratum_09,PSU_156,55.7684376090649,0
State_10,Stratum_09,PSU_156,29.01780595049597,1
State_10,Stratum_09,PSU_159,9.782768035120224,1
State_10,Stratum_09,PSU_147,107.31802450938454,0
State_10,Stratum_09,PSU_154,17.039583834281494,0
State_11,Stratum_19,PSU_312,29.241402874016096,1
State_11,Stratum_19,PSU_312,78.98451445667666,0
State_11,Stratum_19,PSU_310,34.95465856263834,1
State_11,Stratum_19,PSU_318,23.69801410489914,1
State_11,Stratum_19,PSU_319,20.297316765840947,0
State_11,Stratum_19,PSU_307,45.62891813061994,0
State_11,Stratum_19,PSU_306,21.08064579659952,0
State_11,Stratum_19,PSU_320,34.690758089179965,0
State_11,Stratum_19,PSU_321,73.52072985520286,0
State_11,Stratum_19,PSU_306,28.57249941089968,0
State_11,Stratum_19,PSU_309,64.25372057812746,0
State_11,Stratum_19,PSU_312,18.148050559357497,0
State_11,Stratum_19,PSU_320,25.50514870923037,0
State_11,Stratum_19,PSU_321,16.48190116036157,0
State_11,Stratum_19,PSU_306,34.54743373446024,0
State_11,Stratum_19,PSU_312,49.19903367069541,1
State_11,Stratum_19,PSU_303,34.58528962838789,0
State_11,Stratum_19,PSU_320,61.51985219193337,1
State_11,Stratum_19,PSU_307,22.90248161813501,0
State_11,Stratum_19,PSU_317,37.2818371900495,0
State_11,Stratum_19,PSU_319,25.587404809898004,0
State_11,Stratum_19,PSU_305,39.91184652910231,0
State_11,Stratum_19,PSU_314,42.84988304836856,0
State_11,Stratum_19,PSU_304,44.56874696063945,0
State_11,Stratum_19,PSU_303,19.502403677574296,0
State_11,Stratum_19,PSU_319,21.34808076481538,0
State_11,Stratum_19,PSU_318,23.42235805232171,0
State_11,Stratum_19,PSU_307,29.559184823126717,0
State_11,Stratum_19,PSU_317,34.79341325940471,0
State_11,Stratum_19,PSU_305,47.45962993343515,1
State_11,Stratum_19,PSU_309,21.79728766326257,0
State_11,Stratum_19,PSU_313,14.959181279710911,0
State_11,Stratum_19,PSU_312,97.87649944669724,1
State_11,Stratum_19,PSU_311,18.91789656593557,0
State_11,Stratum_19,PSU_316,50.60228604892206,0
State_11,Stratum_19,PSU_315,33.83407163270335,1
State_11,Stratum_19,PSU_304,37.7689642205394,0
State_11,Stratum_19,PSU_305,33.28342880657537,0
State_11,Stratum_19,PSU_309,27.47877673523778,0
State_11,Stratum_19,PSU_320,42.00635994449466,0
State_11,Stratum_19,PSU_305,26.750182332283465,0
State_11,Stratum_19,PSU_312,59.67936204393119,0
State_11,Stratum_19,PSU_309,44.25885195973924,0
State_11,Stratum_19,PSU_311,44.95364956361309,0
State_11,Stratum_19,PSU_319,25.849037405924687,1
State_11,Stratum_19,PSU_313,29.596541818924447,1
State_11,Stratum_19,PSU_309,18.39131400637893,0
State_11,Stratum_19,PSU_316,27.919541734669952,0
State_11,Stratum_19,PSU_321,19.836961390956027,0
State_11,Stratum_19,PSU_306,64.22349762822087,0
State_11,Stratum_19,PSU_308,34.161620297926426,0
State_12,Stratum_14,PSU_204,543.0863228268696,1
State_12,Stratum_14,PSU_202,1275.265876880862,0
State_12,Stratum_14,PSU_206,493.0029362547665,1
State_12,Stratum_14,PSU_213,674.0925588372631,0
State_12,Stratum_14,PSU_206,981.8418087242763,1
State_12,Stratum_14,PSU_204,2992.004587227932,0
State_12,Stratum_14,PSU_204,699.96496395925,0
State_12,Stratum_14,PSU_201,784.7615396985343,0
State_12,Stratum_14,PSU_205,1423.1965146720654,1
State_12,Stratum_14,PSU_214,531.3071633299336,1
State_13,Stratum_05,PSU_104,159.79180291814362,1
State_13,Stratum_05,PSU_105,221.05188267553612,0
State_13,Stratum_05,PSU_111,175.0413120995616,0
State_13,Stratum_05,PSU_108,201.0531302584753,0
State_13,Stratum_05,PSU_110,83.69237009602018,1
State_13,Stratum_05,PSU_105,60.01773047593471,0
State_13,Stratum_05,PSU_111,258.8405372644115,0
State_13,Stratum_05,PSU_109,103.98071408455716,0
State_13,Stratum_05,PSU_111,107.78395981708978,0
State_13,Stratum_05,PSU_104,237.37529948755684,0
State_13,Stratum_05,PSU_104,161.36362594932152,1
State_13,Stratum_05,PSU_110,153.46756563599354,0
State_13,Stratum_05,PSU_111,360.6999799495702,0
State_13,Stratum_05,PSU_106,88.56938398537778,0
State_13,Stratum_05,PSU_108,194.3120600950776,1
State_13,Stratum_05,PSU_104,125.71933499206168,0
State_13,Stratum_05,PSU_110,139.74809763362583,0
State_13,Stratum_05,PSU_108,262.37625807457664,1
State_13,Stratum_05,PSU_111,157.5059504231092,1
State_14,Stratum_26,PSU_443,308.4116512605301,0
State_14,Stratum_26,PSU_451,69.69514747385898,0
State_14,Stratum_26,PSU_444,187.34158131640493,0
State_14,Stratum_26,PSU_447,445.593188987361,0
State_14,Stratum_26,PSU_447,246.0398015041304,0
State_14,Stratum_26,PSU_450,212.30946891934917,0
State_14,Stratum_26,PSU_450,282.54369708849066,0
State_14,Stratum_26,PSU_449,131.9640836010978,0
State_14,Stratum_26,PSU_449,228.78069648576604,0
State_14,Stratum_26,PSU_448,158.93334009553996,0
State_14,Stratum_26,PSU_448,178.37840171935056,0
State_14,Stratum_26,PSU_451,272.583815594625,1
State_14,Stratum_26,PSU_448,113.33662106068677,0
State_14,Stratum_26,PSU_444,342.9930299202991,0
State_14,Stratum_26,PSU_444,145.8112400107613,0
State_14,Stratum_26,PSU_447,205.2133779175736,0
State_15,Stratum_08,PSU_137,28.86907492397827,0
State_15,Stratum_08,PSU_132,22.22437189229519,0
State_15,Stratum_08,PSU_134,12.507548867788588,0
State_15,Stratum_08,PSU_139,30.51628077408324,0
State_15,Stratum_08,PSU_133,29.92597779596636,0
State_15,Stratum_08,PSU_144,67.783957479982,0
State_15,Stratum_08,PSU_142,43.597792671168605,1
State_15,Stratum_08,PSU_133,19.05838701277941,0
State_15,Stratum_08,PSU_133,80.37048149252072,0
State_15,Stratum_08,PSU_139,58.56384506442275,0
State_15,Stratum_08,PSU_137,42.54870976326997,0
State_15,Stratum_08,PSU_135,28.39913339846517,1
State_15,Stratum_08,PSU_132,19.68547514711712,0
State_15,Stratum_08,PSU_139,26.40351887402003,0
State_15,Stratum_08,PSU_134,54.81560903714664,1
State_15,Stratum_08,PSU_135,81.60526916250829,0
State_15,Stratum_08,PSU_134,68.80128651593962,1
State_15,Stratum_08,PSU_135,24.907674506490416,0
State_15,Stratum_08,PSU_137,18.170364874259253,0
State_15,Stratum_08,PSU_136,34.125462394781906,0
State_15,Stratum_08,PSU_134,13.136321106830154,0
State_15,Stratum_08,PSU_139,37.381821760670114,1
State_15,Stratum_08,PSU_135,29.54159844482881,0
State_15,Stratum_08,PSU_143,25.193409412291476,0
State_15,Stratum_08,PSU_133,14.32847973234072,0
State_15,Stratum_08,PSU_141,41.116139511846725,0
State_15,Stratum_08,PSU_138,24.367499583992597,0
State_15,Stratum_08,PSU_142,17.71908420012408,1
State_15,Stratum_08,PSU_133,7.564525130402927,0
State_15,Stratum_08,PSU_130,31.369724110221124,0
State_15,Stratum_08,PSU_136,77.1480635217824,0
State_15,Stratum_08,PSU_136,72.9832736828093,0
State_15,Stratum_08,PSU_133,25.306279124891056,0
State_15,Stratum_08,PSU_142,23.535140620961656,0
State_15,Stratum_08,PSU_143,40.20485695188408,1
State_15,Stratum_08,PSU_132,19.30584616977531,0
State_15,Stratum_08,PSU_137,36.98441582128164,0
State_15,Stratum_08,PSU_134,46.648502180572535,0
State_15,Stratum_08,PSU_145,58.73684963270114,0
State_15,Stratum_08,PSU_139,30.250830593854648,0
State_15,Stratum_08,PSU_136,28.72488455918676,0
State_15,Stratum_08,PSU_133,20.503782608474783,0
State_15,Stratum_08,PSU_133,21.034427559733118,0
State_15,Stratum_08,PSU_137,28.39920733497117,0
State_15,Stratum_08,PSU_143,38.21711429194217,0
State_15,Stratum_08,PSU_137,50.21897749982924,0
State_16,Stratum_20,PSU_327,25.134671552406303,1
State_16,Stratum_20,PSU_324,49.041463985565976,1
State_16,Stratum_20,PSU_338,75.57248539911484,0
State_16,Stratum_20,PSU_324,64.19889317566953,0
State_16,Stratum_20,PSU_332,70.15514908741747,0
State_16,Stratum_20,PSU_324,37.33486810940291,0
State_16,Stratum_20,PSU_338,40.48907223594374,1
State_16,Stratum_20,PSU_338,58.88098948761724,0
State_16,Stratum_20,PSU_329,35.182606892889694,0
State_16,Stratum_20,PSU_334,35.72843964697624,0
State_16,Stratum_20,PSU_337,53.66691231303414,1
State_16,Stratum_20,PSU_330,67.64394913644408,0
State_16,Stratum_20,PSU_328,41.84788251799977,0
State_16,Stratum_20,PSU_332,25.84742039946697,0
State_16,Stratum_20,PSU_325,32.00536605170445,1
State_16,Stratum_20,PSU_339,51.19498498954764,0
State_16,Stratum_20,PSU_329,50.8848897154177,0
State_16,Stratum_20,PSU_326,52.165669400514936,0
State_16,Stratum_20,PSU_336,60.006517461217975,0
State_16,Stratum_20,PSU_337,46.37269492865961,0
State_16,Stratum_20,PSU_330,52.790621815134166,0
State_16,Stratum_20,PSU_337,45.2088165378451,0
State_16,Stratum_20,PSU_336,82.11923503052292,0
State_16,Stratum_20,PSU_331,94.63018930440676,0
State_16,Stratum_20,PSU_330,25.51585169656367,0
State_16,Stratum_20,PSU_339,40.69802495339758,0
State_16,Stratum_20,PSU_324,47.000948443200265,1
State_16,Stratum_20,PSU_325,40.46138972905338,0
State_16,Stratum_20,PSU_330,113.32579715546576,0
State_16,Stratum_20,PSU_334,51.71682555071158,0
State_16,Stratum_20,PSU_323,30.911232273641996,0
State_16,Stratum_20,PSU_332,62.30406703722135,0
State_17,Stratum_23,PSU_390,37.21615879589051,1
State_17,Stratum_23,PSU_382,59.802001337068695,0
State_17,Stratum_23,PSU_381,40.63837794453725,0
State_17,Stratum_23,PSU_384,66.94634441490567,0
State_17,Stratum_23,PSU_395,62.93924968753416,0
State_17,Stratum_23,PSU_376,28.984664433020814,0
State_17,Stratum_23,PSU_383,79.63687876051921,0
State_17,Stratum_23,PSU_398,35.392661837533126,0
State_17,Stratum_23,PSU_398,69.30486651584661,1
State_17,Stratum_23,PSU_378,55.5970357054046,0
State_17,Stratum_23,PSU_379,115.99859359840136,0
State_17,Stratum_23,PSU_390,41.378161319734765,0
State_17,Stratum_23,PSU_381,38.85465270636469,0
State_17,Stratum_23,PSU_390,45.822554468132,0
State_17,Stratum_23,PSU_396,39.76138984614762,0
State_17,Stratum_23,PSU_378,69.02420080821724,0
State_17,Stratum_23,PSU_396,20.62143201957233,0
State_17,Stratum_23,PSU_396,27.320709897780848,0
State_17,Stratum_23,PSU_389,27.12849815252898,0
State_17,Stratum_23,PSU_395,74.41369700842333,0
State_17,Stratum_23,PSU_389,108.8306402560198,1
State_17,Stratum_23,PSU_379,43.91524907981365,0
State_17,Stratum_23,PSU_387,42.52428680247899,0
State_17,Stratum_23,PSU_392,47.91901076089571,0
State_17,Stratum_23,PSU_382,82.71701957165473,0
State_17,Stratum_23,PSU_384,29.1020803521944,0
State_17,Stratum_23,PSU_378,52.12635733870385,0
State_17,Stratum_23,PSU_388,75.3455633946973,0
State_17,Stratum_23,PSU_390,59.443918000458325,0
State_18,Stratum_03,PSU_055,157.1654831793345,0
State_18,Stratum_03,PSU_056,97.00051650147734,0
State_18,Stratum_03,PSU_053,120.44268556122783,0
State_18,Stratum_03,PSU_048,94.88712627412256,0
State_18,Stratum_03,PSU_057,241.94357514565968,0
State_18,Stratum_03,PSU_055,142.78739753458723,0
State_18,Stratum_03,PSU_046,365.5109771542543,0
State_18,Stratum_03,PSU_054,137.0533905849346,0
State_18,Stratum_03,PSU_058,99.13648981894936,0
State_18,Stratum_03,PSU_058,66.2770559244467,0
State_18,Stratum_03,PSU_046,57.34760783301396,1
State_18,Stratum_03,PSU_048,63.98399651344194,0
State_18,Stratum_03,PSU_053,161.46110772515397,0
State_18,Stratum_03,PSU_059,182.19243811085732,0
State_18,Stratum_03,PSU_048,64.07829006979813,1
State_18,Stratum_03,PSU_058,221.01269120903916,0
State_18,Stratum_03,PSU_049,110.9600740400618,0
State_19,Stratum_16,PSU_242,26.06388818245209,1
State_19,Stratum_16,PSU_259,117.21413466652282,0
State_19,Stratum_16,PSU_251,144.20023068541582,0
State_19,Stratum_16,PSU_253,96.36691543106842,0
State_19,Stratum_16,PSU_250,39.844586747629045,0
State_19,Stratum_16,PSU_254,136.9191800314009,0
State_19,Stratum_16,PSU_258,57.49811261365663,0
State_19,Stratum_16,PSU_259,35.557458516094904,0
State_19,Stratum_16,PSU_249,40.29298768106076,0
State_19,Stratum_16,PSU_247,52.63078740359708,0
State_19,Stratum_16,PSU_243,66.89798441866365,1
State_19,Stratum_16,PSU_246,60.20211426270321,0
State_19,Stratum_16,PSU_242,32.202541212568455,1
State_19,Stratum_16,PSU_246,119.70588581713488,0
State_19,Stratum_16,PSU_243,60.52621751040765,1
State_19,Stratum_16,PSU_256,45.67278699789215,0
State_19,Stratum_16,PSU_248,113.69628871085162,1
State_19,Stratum_16,PSU_242,36.11385129151841,1
State_19,Stratum_16,PSU_257,28.9026846821392,0
State_19,Stratum_16,PSU_249,123.30035649730456,1
State_19,Stratum_16,PSU_252,168.01840096216566,0
State_19,Stratum_16,PSU_243,51.79696562290129,0
State_19,Stratum_16,PSU_251,63.77712439213805,0
State_19,Stratum_16,PSU_241,36.78342076270423,0
State_19,Stratum_16,PSU_253,65.43948701746274,0
State_19,Stratum_16,PSU_255,51.44570328231609,0
State_20,Stratum_22,PSU_363,93.0846681752834,0
State_20,Stratum_22,PSU_374,57.54139774046232,0
State_20,Stratum_22,PSU_367,68.86759173678594,1
State_20,Stratum_22,PSU_366,272.41633824731133,0
State_20,Stratum_22,PSU_372,34.24959410373146,0
State_20,Stratum_22,PSU_368,82.43661611970634,0
State_20,Stratum_22,PSU_364,91.74440129201454,0
State_20,Stratum_22,PSU_364,124.96741712444036,0
State_20,Stratum_22,PSU_371,76.26022116619248,1
State_20,Stratum_22,PSU_363,84.70589074626665,0
State_20,Stratum_22,PSU_374,59.70021335267073,1
State_20,Stratum_22,PSU_364,83.07329982368296,0
State_20,Stratum_22,PSU_371,61.1643033102778,0
State_20,Stratum_22,PSU_362,99.08180507138964,1
State_20,Stratum_22,PSU_366,60.36169468681477,0
State_20,Stratum_22,PSU_375,87.68142495195735,0
State_20,Stratum_22,PSU_373,71.55944271912651,1
State_20,Stratum_22,PSU_366,127.508751726599,0
State_20,Stratum_22,PSU_373,70.77196983730879,1
State_20,Stratum_22,PSU_372,29.923485602962742,1
State_21,Stratum_21,PSU_358,11.683109937430414,0
State_21,Stratum_21,PSU_345,15.880954731034448,1
State_21,Stratum_21,PSU_342,8.55219203069702,1
State_21,Stratum_21,PSU_344,16.06262002258933,0
State_21,Stratum_21,PSU_352,24.59739259330085,1
State_21,Stratum_21,PSU_354,5.656978145823113,1
State_21,Stratum_21,PSU_353,7.989544378997079,0
State_21,Stratum_21,PSU_355,15.880259587908874,0
State_21,Stratum_21,PSU_357,18.226562933193392,1
State_21,Stratum_21,PSU_361,20.941029208731265,0
State_21,Stratum_21,PSU_361,15.30401032186078,1
State_21,Stratum_21,PSU_350,18.23652351394005,1
State_21,Stratum_21,PSU_342,22.74648257645373,0
State_21,Stratum_21,PSU_361,11.768672359934614,1
State_21,Stratum_21,PSU_349,10.680045823852373,0
State_21,Stratum_21,PSU_349,13.308685293478243,0
State_21,Stratum_21,PSU_360,15.997206900588036,0
State_21,Stratum_21,PSU_355,10.41798297934884,0
State_21,Stratum_21,PSU_351,11.891115313018975,1
State_21,Stratum_21,PSU_341,17.66386544159924,0
State_21,Stratum_21,PSU_348,15.666827166564362,0
State_21,Stratum_21,PSU_342,13.197159350861943,0
State_21,Stratum_21,PSU_354,6.06258036414758,0
State_21,Stratum_21,PSU_342,14.453204737993689,0
State_21,Stratum_21,PSU_358,8.914402109536912,0
State_21,Stratum_21,PSU_357,23.67007328778272,1
State_21,Stratum_21,PSU_347,12.40760499308422,1
State_21,Stratum_21,PSU_356,8.798261446230441,1
State_21,Stratum_21,PSU_347,14.03983336881072,1
State_21,Stratum_21,PSU_346,27.330955466806987,1
State_21,Stratum_21,PSU_346,19.84750073642391,1
State_21,Stratum_21,PSU_342,16.16144944503962,0
State_21,Stratum_21,PSU_340,7.460501503493589,1
State_21,Stratum_21,PSU_343,32.572560029125526,0
State_21,Stratum_21,PSU_344,10.61063266669101,0
State_21,Stratum_21,PSU_340,23.09375243492735,0
State_21,Stratum_21,PSU_354,12.304791359791066,0
State_21,Stratum_21,PSU_344,22.00839790313733,1
State_21,Stratum_21,PSU_352,27.829795159396216,0
State_21,Stratum_21,PSU_347,20.02014070537132,0
State_21,Stratum_21,PSU_347,21.127967717160583,1
State_21,Stratum_21,PSU_344,13.783202961114917,0
State_21,Stratum_21,PSU_348,11.654438517872352,0
State_21,Stratum_21,PSU_340,15.515189503562642,0
State_21,Stratum_21,PSU_343,12.215588893904767,0
State_21,Stratum_21,PSU_342,49.71327611867086,1
State_21,Stratum_21,PSU_341,8.815319179773052,0
State_21,Stratum_21,PSU_347,23.896040492531107,0
State_21,Stratum_21,PSU_348,18.751403152537623,1
State_21,Stratum_21,PSU_341,16.242094063390212,0
State_21,Stratum_21,PSU_353,30.344437342704808,0
State_21,Stratum_21,PSU_353,16.808066054003724,0
State_21,Stratum_21,PSU_343,10.540412798377352,1
State_21,Stratum_21,PSU_345,16.75229654062285,0
State_21,Stratum_21,PSU_350,13.21141241158323,0
State_21,Stratum_21,PSU_342,18.621419451270768,0
State_21,Stratum_21,PSU_347,21.74115445227448,0
State_21,Stratum_21,PSU_342,9.422742630687337,1
State_21,Stratum_21,PSU_353,26.32024003142024,1
State_21,Stratum_21,PSU_352,12.746035023795027,1
State_21,Stratum_21,PSU_352,18.074048565088702,0
State_21,Stratum_21,PSU_341,19.71116550931976,0
State_21,Stratum_21,PSU_352,17.398161025827307,0
State_21,Stratum_21,PSU_358,13.709868586830767,0
State_21,Stratum_21,PSU_345,11.340397789829758,0
State_21,Stratum_21,PSU_355,12.656525266185058,0
State_21,Stratum_21,PSU_341,31.666398466365624,1
State_21,Stratum_21,PSU_347,9.390860683312685,0
State_21,Stratum_21,PSU_356,10.10518338025035,0
State_21,Stratum_21,PSU_341,9.88576412969805,0
State_21,Stratum_21,PSU_349,15.495460454216904,1
State_21,Stratum_21,PSU_355,6.75523285388139,0
State_21,Stratum_21,PSU_345,7.35875116063248,1
State_21,Stratum_21,PSU_341,12.707504833049304,1
State_21,Stratum_21,PSU_341,7.6048214274835635,0
State_21,Stratum_21,PSU_352,7.921135070244741,0
State_21,Stratum_21,PSU_354,7.633419900216271,1
State_21,Stratum_21,PSU_341,9.481706518648355,0
State_21,Stratum_21,PSU_346,20.86959720026142,1
State_21,Stratum_21,PSU_342,23.3482992734985,1
State_21,Stratum_21,PSU_347,37.79476548328543,0
State_21,Stratum_21,PSU_353,37.10868712089798,1
State_21,Stratum_21,PSU_361,21.45218536685671,0
State_21,Stratum_21,PSU_346,24.20378448344557,0
State_21,Stratum_21,PSU_360,15.459461527260022,0
State_21,Stratum_21,PSU_346,18.776434380393376,0
State_21,Stratum_21,PSU_340,38.26255306893779,1
State_21,Stratum_21,PSU_356,17.431459677996756,0
State_21,Stratum_21,PSU_348,25.77202126564983,1
State_21,Stratum_21,PSU_360,9.0747366719026,1
State_21,Stratum_21,PSU_352,10.376574410565892,0
State_21,Stratum_21,PSU_360,16.923530081007947,1
State_21,Stratum_21,PSU_358,15.60569641141442,0
State_21,Stratum_21,PSU_360,10.619618298918882,0
State_21,Stratum_21,PSU_358,48.24822111944346,1
State_21,Stratum_21,PSU_361,15.78353359578455,0
State_21,Stratum_21,PSU_356,11.603510029094208,0
State_21,Stratum_21,PSU_349,15.618866597966994,1
State_21,Stratum_21,PSU_349,14.663824149154422,0
State_21,Stratum_21,PSU_343,15.90401258293586,0
State_21,Stratum_21,PSU_347,6.526113953453631,0
State_21,Stratum_21,PSU_361,27.62285515656535,0
State_21,Stratum_21,PSU_359,28.41976566952745,0
State_21,Stratum_21,PSU_359,30.1996565913004,1
State_21,Stratum_21,PSU_357,17.036976094612907,0
State_21,Stratum_21,PSU_353,20.16423916684033,0
State_22,Stratum_11,PSU_175,187.4288823989026,0
State_22,Stratum_11,PSU_181,171.41633571822197,0
State_22,Stratum_11,PSU_172,100.40086411569914,1
State_22,Stratum_11,PSU_174,235.0936195861184,0
State_22,Stratum_11,PSU_171,94.79847870271074,0
State_22,Stratum_11,PSU_172,96.93228634225916,0
State_22,Stratum_11,PSU_171,20.465558898304703,0
State_22,Stratum_11,PSU_180,142.4473406865627,0
State_22,Stratum_11,PSU_180,59.84173993265141,1
State_22,Stratum_11,PSU_174,88.15510040144967,0
State_22,Stratum_11,PSU_174,69.50151466865272,0
State_22,Stratum_11,PSU_177,96.6738165454256,0
State_22,Stratum_11,PSU_180,144.95139518531002,0
State_22,Stratum_11,PSU_181,116.74932874485276,1
State_22,Stratum_11,PSU_181,165.55095137868474,0
State_22,Stratum_11,PSU_179,218.6064613758597,0
State_22,Stratum_11,PSU_179,96.54994093902188,0
State_22,Stratum_11,PSU_175,91.3935351438952,0
State_22,Stratum_11,PSU_180,187.4143970943809,0
State_22,Stratum_11,PSU_171,194.99657803461,0
State_23,Stratum_25,PSU_431,13.068777658045285,0
State_23,Stratum_25,PSU_425,10.331985200444157,0
State_23,Stratum_25,PSU_438,37.5180748000712,0
State_23,Stratum_25,PSU_423,28.59409966990548,0
State_23,Stratum_25,PSU_434,40.5567311710093,0
State_23,Stratum_25,PSU_428,44.51561973044069,1
State_23,Stratum_25,PSU_424,65.15208243590244,1
State_23,Stratum_25,PSU_432,35.864089427670606,1
State_23,Stratum_25,PSU_442,150.57391547976354,0
State_23,Stratum_25,PSU_437,40.68995333665665,1
State_23,Stratum_25,PSU_424,87.70823634850647,1
State_23,Stratum_25,PSU_435,10.873812628819357,0
State_23,Stratum_25,PSU_438,68.55566565073936,1
State_23,Stratum_25,PSU_433,31.89330275679729,0
State_23,Stratum_25,PSU_435,13.178710122433456,1
State_23,Stratum_25,PSU_434,43.0795687732945,1
State_23,Stratum_25,PSU_441,30.00303426537852,0
State_23,Stratum_25,PSU_423,46.65606417802925,0
State_23,Stratum_25,PSU_426,57.8766786359489,1
State_23,Stratum_25,PSU_435,16.580067640422044,0
State_23,Stratum_25,PSU_441,57.98798181253059,0
State_23,Stratum_25,PSU_440,35.02338670181924,1
State_23,Stratum_25,PSU_441,68.66206580697978,0
State_23,Stratum_25,PSU_440,31.5067614883137,0
State_23,Stratum_25,PSU_427,27.59326831802236,0
State_23,Stratum_25,PSU_436,35.38554162591449,0
State_23,Stratum_25,PSU_435,36.73414268257746,0
State_23,Stratum_25,PSU_442,25.062780248096427,0
State_23,Stratum_25,PSU_429,27.23829594505623,0
State_23,Stratum_25,PSU_429,18.903338004429827,0
State_23,Stratum_25,PSU_421,28.09112647955948,1
State_23,Stratum_25,PSU_428,48.95645931702872,0
State_23,Stratum_25,PSU_436,32.593054084093424,0
State_23,Stratum_25,PSU_430,57.81850821436005,0
State_23,Stratum_25,PSU_429,31.81893503369751,0
State_23,Stratum_25,PSU_441,17.0647902126906,0
State_23,Stratum_25,PSU_436,47.05954578839681,0
State_23,Stratum_25,PSU_423,24.92732813748405,1
State_24,Stratum_23,PSU_395,589.5906177972433,0
State_24,Stratum_23,PSU_384,530.5875081243004,0
State_24,Stratum_23,PSU_397,544.0484202817815,0
State_24,Stratum_23,PSU_395,230.5468801017529,0
State_24,Stratum_23,PSU_387,755.4768532698546,1
State_24,Stratum_23,PSU_394,803.104856618419,0
State_24,Stratum_23,PSU_395,399.013367273712,0
State_24,Stratum_23,PSU_378,437.8830280200907,0
State_24,Stratum_23,PSU_390,208.1245167945128,0
State_24,Stratum_23,PSU_377,578.719363470248,0
State_24,Stratum_23,PSU_396,595.689174158872,1
State_25,Stratum_05,PSU_107,2057.1422344973425,0
State_25,Stratum_05,PSU_112,1564.8825102639694,0
State_25,Stratum_05,PSU_106,1167.0905431598655,0
State_25,Stratum_05,PSU_111,1073.047656426704,0
State_25,Stratum_05,PSU_104,1070.8177533874923,0
State_26,Stratum_22,PSU_368,12.784065875994616,0
State_26,Stratum_22,PSU_371,70.29900246471418,0
State_26,Stratum_22,PSU_363,26.050552032387515,0
State_26,Stratum_22,PSU_367,42.47608919733189,1
State_26,Stratum_22,PSU_364,39.90201482262341,1
State_26,Stratum_22,PSU_365,90.66388739452944,1
State_26,Stratum_22,PSU_372,44.96733172990591,1
State_26,Stratum_22,PSU_374,64.56949370905012,0
State_26,Stratum_22,PSU_369,56.62935484867806,0
State_26,Stratum_22,PSU_375,85.02976023062759,0
State_26,Stratum_22,PSU_364,38.23432828747268,0
State_26,Stratum_22,PSU_371,109.73883009153,0
State_26,Stratum_22,PSU_367,15.96604895452685,0
State_26,Stratum_22,PSU_362,66.1571091276821,0
State_26,Stratum_22,PSU_368,27.93794501680411,0
State_26,Stratum_22,PSU_369,33.68056043407009,1
State_26,Stratum_22,PSU_372,57.28293374996024,0
State_26,Stratum_22,PSU_375,57.05391115162199,1
State_26,Stratum_22,PSU_369,58.35293237734311,0
State_26,Stratum_22,PSU_364,21.546569879144517,1
State_26,Stratum_22,PSU_375,88.92654761056387,1
State_26,Stratum_22,PSU_371,27.466636404760283,1
State_26,Stratum_22,PSU_362,29.36055363890654,0
State_26,Stratum_22,PSU_370,59.27833980905451,0
State_26,Stratum_22,PSU_374,37.33514163894771,0
State_26,Stratum_22,PSU_367,50.27088215418931,0
State_26,Stratum_22,PSU_372,14.658131860619928,0
State_26,Stratum_22,PSU_370,49.67281643006344,0
State_26,Stratum_22,PSU_368,48.04853016970984,0
State_26,Stratum_22,PSU_362,33.39366918675611,1
State_26,Stratum_22,PSU_373,15.27561285525417,1
State_26,Stratum_22,PSU_373,38.74072897249752,0
State_26,Stratum_22,PSU_362,42.29245391496608,1
State_26,Stratum_22,PSU_367,35.8621029727415,0
State_26,Stratum_22,PSU_366,17.20514338924254,1
State_26,Stratum_22,PSU_370,95.64683531565063,0
State_26,Stratum_22,PSU_363,31.307724042402125,0
State_26,Stratum_22,PSU_369,38.55914414671157,1
State_26,Stratum_22,PSU_372,12.917183057573409,1
State_26,Stratum_22,PSU_366,95.65263845124564,1
State_26,Stratum_22,PSU_363,34.124671931333104,1
State_26,Stratum_22,PSU_374,45.26467894562845,1
State_26,Stratum_22,PSU_371,75.46464949524825,0
State_26,Stratum_22,PSU_372,30.72705396674351,1
State_27,Stratum_04,PSU_062,85.72432077225237,0
State_27,Stratum_04,PSU_064,44.29207413323192,1
State_27,Stratum_04,PSU_069,69.58171077973928,0
State_27,Stratum_04,PSU_068,116.18923827316438,0
State_27,Stratum_04,PSU_065,63.23763475898928,0
State_27,Stratum_04,PSU_068,76.9523272794503,0
State_27,Stratum_04,PSU_067,74.5539657468534,0
State_27,Stratum_04,PSU_067,64.66344125839157,0
State_27,Stratum_04,PSU_060,62.28333978962232,0
State_27,Stratum_04,PSU_068,48.400513887190414,0
State_27,Stratum_04,PSU_065,69.4567104424407,0
State_27,Stratum_04,PSU_068,55.89996686888053,0
State_27,Stratum_04,PSU_062,139.52483666347553,0
State_27,Stratum_04,PSU_062,96.61839731201864,0
State_27,Stratum_04,PSU_065,31.149543615892693,0
State_27,Stratum_04,PSU_068,32.02825694808473,0
State_27,Stratum_04,PSU_066,60.33833304873595,0
State_27,Stratum_04,PSU_062,52.85460295233232,0
State_27,Stratum_04,PSU_062,58.76818181124465,0
State_27,Stratum_04,PSU_061,89.19083362207941,0
State_28,Stratum_11,PSU_176,82.44616721004905,1
State_28,Stratum_11,PSU_180,41.5773813364486,1
State_28,Stratum_11,PSU_171,147.09666105516078,1
State_28,Stratum_11,PSU_177,56.252985516520674,0
State_28,Stratum_11,PSU_173,62.41312873010685,0
State_28,Stratum_11,PSU_175,51.00387683358964,0
State_28,Stratum_11,PSU_180,120.19948373165944,0
State_28,Stratum_11,PSU_174,39.47212413196534,1
State_28,Stratum_11,PSU_180,115.29533470313731,0
State_28,Stratum_11,PSU_175,142.7102794248007,1
State_28,Stratum_11,PSU_175,110.73597648990376,1
State_28,Stratum_11,PSU_176,120.88912532633302,1
State_28,Stratum_11,PSU_180,123.75858821624828,1
State_28,Stratum_11,PSU_180,52.65953904523211,0
State_28,Stratum_11,PSU_181,173.45653578771714,0
State_28,Stratum_11,PSU_176,67.25702250607013,0
State_28,Stratum_11,PSU_178,81.88908872511735,0
State_28,Stratum_11,PSU_178,71.68208850871356,0
State_28,Stratum_11,PSU_181,108.23779631611802,0
State_28,Stratum_11,PSU_179,64.6857508057663,1
State_28,Stratum_11,PSU_178,87.53313663714592,0
State_28,Stratum_11,PSU_181,45.64470711472789,0
State_28,Stratum_11,PSU_172,151.5464484258356,0
State_28,Stratum_11,PSU_180,118.38358077587586,0
State_29,Stratum_18,PSU_272,19.166362744538688,0
State_29,Stratum_18,PSU_274,34.43244512584416,0
State_29,Stratum_18,PSU_268,24.212572767853263,0
State_29,Stratum_18,PSU_267,27.244442846357344,0
State_29,Stratum_18,PSU_270,20.490444378590254,0
State_29,Stratum_18,PSU_273,9.24149705653632,0
State_29,Stratum_18,PSU_277,8.981250644085538,0
State_29,Stratum_18,PSU_276,33.61989741566664,0
State_29,Stratum_18,PSU_269,28.610372920149548,1
State_29,Stratum_18,PSU_269,31.17587026072303,0
State_29,Stratum_18,PSU_271,26.77717175580385,0
State_29,Stratum_18,PSU_271,27.871286607383546,0
State_29,Stratum_18,PSU_276,40.6429337806943,1
State_29,Stratum_18,PSU_269,31.2688686115745,0
State_29,Stratum_18,PSU_275,42.130332933767576,1
State_29,Stratum_18,PSU_270,27.277010029771848,1
State_29,Stratum_18,PSU_269,21.544540277979145,0
State_29,Stratum_18,PSU_277,27.588933561988014,1
State_29,Stratum_18,PSU_268,16.48126634080121,0
State_29,Stratum_18,PSU_276,20.705302748391983,0
State_29,Stratum_18,PSU_277,27.360461427734258,1
State_29,Stratum_18,PSU_275,27.179757027334936,0
State_29,Stratum_18,PSU_270,23.73863437578752,0
State_29,Stratum_18,PSU_269,12.506155314337526,0
State_29,Stratum_18,PSU_273,34.41587968276458,0
State_29,Stratum_18,PSU_274,37.99397166096234,1
State_29,Stratum_18,PSU_277,56.94913784467972,0
State_29,Stratum_18,PSU_268,31.224445624518506,0
State_29,Stratum_18,PSU_273,25.054268705957377,0
State_29,Stratum_18,PSU_278,15.086473513287602,0
State_29,Stratum_18,PSU_271,52.790024240428586,1
State_29,Stratum_18,PSU_277,28.338740527972604,0
State_29,Stratum_18,PSU_271,27.57749082751029,1
State_29,Stratum_18,PSU_269,22.04939589028284,0
State_29,Stratum_18,PSU_271,21.355910080441937,0
State_29,Stratum_18,PSU_278,35.31990444648024,0
State_29,Stratum_18,PSU_268,15.023159724353045,0
State_29,Stratum_18,PSU_270,56.43159704459936,0
State_29,Stratum_18,PSU_272,50.606323159372096,0
State_29,Stratum_18,PSU_267,20.973978071592253,0
State_29,Stratum_18,PSU_276,16.25468248847233,1
State_29,Stratum_18,PSU_270,9.140456313982014,0
State_29,Stratum_18,PSU_272,13.391315061601626,0
State_29,Stratum_18,PSU_275,36.06305917193387,0
State_29,Stratum_18,PSU_277,29.311626107291342,0
State_29,Stratum_18,PSU_277,32.044965424672995,0
State_29,Stratum_18,PSU_268,9.94951181033434,0
State_29,Stratum_18,PSU_277,20.540642681783265,1
State_29,Stratum_18,PSU_273,49.5979601303992,0
State_29,Stratum_18,PSU_272,23.862295060885224,0
State_29,Stratum_18,PSU_268,13.252231270505163,0
State_29,Stratum_18,PSU_274,23.67719001149485,0
State_29,Stratum_18,PSU_273,17.027072785808805,0
State_29,Stratum_18,PSU_277,29.581608486726065,0
State_29,Stratum_18,PSU_271,25.29447500875623,0
State_30,Stratum_01,PSU_003,680.5962489771755,0
State_30,Stratum_01,PSU_016,592.2213183587836,0
State_30,Stratum_01,PSU_018,796.5509324604519,0
State_30,Stratum_01,PSU_016,242.59135248499908,0
State_30,Stratum_01,PSU_007,304.51282372164724,0
State_31,Stratum_06,PSU_115,777.2859106423837,1
State_31,Stratum_06,PSU_116,479.5223357729743,0
State_31,Stratum_06,PSU_115,723.0668512829122,0
State_31,Stratum_06,PSU_117,845.1884810776721,1
State_31,Stratum_06,PSU_114,342.12937380919385,0
State_31,Stratum_06,PSU_117,282.1697002540819,0
State_31,Stratum_06,PSU_113,250.91861665310347,0
State_31,Stratum_06,PSU_115,237.61382775738164,0
State_31,Stratum_06,PSU_114,184.53543208306988,0
State_31,Stratum_06,PSU_115,417.29358076986,1
State_31,Stratum_06,PSU_115,223.3997459877845,0
State_31,Stratum_06,PSU_116,248.9066827332728,1
State_31,Stratum_06,PSU_113,522.9401019773616,0
State_32,Stratum_12,PSU_184,173.4266243506546,1
State_32,Stratum_12,PSU_186,207.2568850736272,0
State_32,Stratum_12,PSU_187,122.71092871639704,0
State_32,Stratum_12,PSU_186,91.56635545115827,0
State_32,Stratum_12,PSU_189,39.02051427355228,1
State_32,Stratum_12,PSU_188,88.12575056125807,1
State_32,Stratum_12,PSU_182,88.69685167263876,0
State_32,Stratum_12,PSU_189,72.12741297878061,1
State_32,Stratum_12,PSU_184,109.31549325005822,1
State_32,Stratum_12,PSU_185,139.58966646052696,0
State_32,Stratum_12,PSU_188,52.9078829771675,0
State_32,Stratum_12,PSU_182,52.49732062120361,1
State_32,Stratum_12,PSU_185,74.29980325358676,1
State_32,Stratum_12,PSU_183,58.56514440580448,0
State_32,Stratum_12,PSU_185,35.06234310076505,1
State_32,Stratum_12,PSU_188,48.39797342428421,0
State_32,Stratum_12,PSU_186,43.01692900861359,0
State_32,Stratum_12,PSU_188,145.7626426681732,1
State_32,Stratum_12,PSU_189,186.63742156751087,1
State_32,Stratum_12,PSU_185,46.06426934119786,0
State_32,Stratum_12,PSU_187,104.6677519543404,0
State_32,Stratum_12,PSU_182,123.28669808684457,1
State_32,Stratum_12,PSU_182,37.77395773109736,1
State_32,Stratum_12,PSU_185,86.33575157823479,0
State_32,Stratum_12,PSU_182,282.73565851616297,0
State_32,Stratum_12,PSU_187,111.75709738891922,1
State_33,Stratum_14,PSU_209,177.41326235268752,0
State_33,Stratum_14,PSU_208,103.59874213017956,0
State_33,Stratum_14,PSU_207,69.24983225122061,0
State_33,Stratum_14,PSU_209,123.5563300556976,1
State_33,Stratum_14,PSU_202,43.02089114664452,1
State_33,Stratum_14,PSU_204,86.19253012213,1
State_33,Stratum_14,PSU_202,72.58432895548053,0
State_33,Stratum_14,PSU_215,74.95244664642064,1
State_33,Stratum_14,PSU_216,124.09167129639692,0
State_33,Stratum_14,PSU_214,94.73560236203107,0
State_33,Stratum_14,PSU_202,75.88398482213465,0
State_33,Stratum_14,PSU_211,28.71443933456941,0
State_33,Stratum_14,PSU_208,40.64275858050909,0
State_33,Stratum_14,PSU_211,61.77441983609025,0
State_33,Stratum_14,PSU_214,68.82245098761204,0
State_33,Stratum_14,PSU_201,37.32793465544065,0
State_33,Stratum_14,PSU_211,219.3529694138499,0
State_33,Stratum_14,PSU_203,140.19591744806357,0
State_33,Stratum_14,PSU_215,88.75706113365379,0
State_33,Stratum_14,PSU_215,68.09217198380934,1
State_33,Stratum_14,PSU_200,59.07095462581583,1
State_33,Stratum_14,PSU_201,40.80826347492701,0
State_34,Stratum_12,PSU_186,451.0413679060283,0
State_34,Stratum_12,PSU_189,739.1102285024635,0
State_34,Stratum_12,PSU_189,462.816775168414,0
State_34,Stratum_12,PSU_187,273.69973311272224,0
State_34,Stratum_12,PSU_188,596.0996938179846,0
State_35,Stratum_10,PSU_169,93.81550249732668,1
State_35,Stratum_10,PSU_164,107.43362668571427,0
State_35,Stratum_10,PSU_167,293.5266030013016,0
State_35,Stratum_10,PSU_166,349.2855826857,0
State_35,Stratum_10,PSU_167,212.18810630546324,1
State_36,Stratum_17,PSU_266,29.90703910519941,1
State_36,Stratum_17,PSU_263,26.553648210364745,1
State_36,Stratum_17,PSU_262,15.006642642555006,0
State_36,Stratum_17,PSU_260,33.280191677345805,0
State_36,Stratum_17,PSU_262,26.09502022595396,0
State_36,Stratum_17,PSU_262,28.34902556858892,0
State_36,Stratum_17,PSU_263,40.4735610768431,0
State_36,Stratum_17,PSU_263,34.35146480866092,0
State_36,Stratum_17,PSU_262,25.8792154104534,1
State_36,Stratum_17,PSU_261,16.097086888927375,0
State_36,Stratum_17,PSU_263,53.93150158766083,0
State_36,Stratum_17,PSU_264,67.55706894760527,0
State_36,Stratum_17,PSU_264,38.02282396821916,0
State_36,Stratum_17,PSU_260,40.5960694941606,0
State_36,Stratum_17,PSU_266,46.43086153850994,0
State_36,Stratum_17,PSU_262,102.09981242156618,1
State_36,Stratum_17,PSU_261,21.17254304232256,0
State_36,Stratum_17,PSU_260,37.68696341809075,0
State_36,Stratum_17,PSU_262,19.60084382475903,1
State_36,Stratum_17,PSU_263,55.574159110887415,0
State_36,Stratum_17,PSU_264,43.14557671467579,0
State_36,Stratum_17,PSU_265,51.31869732917213,0
State_36,Stratum_17,PSU_261,50.0548988931979,0
State_36,Stratum_17,PSU_265,76.08972427492114,0
State_36,Stratum_17,PSU_264,60.6806934224553,0
State_36,Stratum_17,PSU_266,70.2326342586356,0
State_36,Stratum_17,PSU_266,27.21563854827605,0
State_36,Stratum_17,PSU_265,84.19575734459046,0
State_36,Stratum_17,PSU_263,32.31003069706144,0
State_37,Stratum_20,PSU_325,311.2967523346142,0
State_37,Stratum_20,PSU_338,177.03210138110657,0
State_37,Stratum_20,PSU_324,69.84709723566961,0
State_37,Stratum_20,PSU_332,111.87562516699076,0
State_37,Stratum_20,PSU_325,45.86557426919283,0
State_37,Stratum_20,PSU_333,95.23960543491944,0
State_37,Stratum_20,PSU_333,84.2967210076958,0
State_37,Stratum_20,PSU_335,60.87318642061496,0
State_37,Stratum_20,PSU_329,73.10492519639638,0
State_37,Stratum_20,PSU_339,69.59416627169037,1
State_37,Stratum_20,PSU_324,52.47338686097101,1
State_37,Stratum_20,PSU_334,60.16560604258404,1
State_38,Stratum_13,PSU_193,76.69669928747815,0
State_38,Stratum_13,PSU_193,42.56516132363949,0
State_38,Stratum_13,PSU_192,121.47170081976952,0
State_38,Stratum_13,PSU_199,34.06024636881849,0
State_38,Stratum_13,PSU_194,49.929729379669695,0
State_38,Stratum_13,PSU_194,54.36983071859,0
State_38,Stratum_13,PSU_196,81.57955425419418,0
State_38,Stratum_13,PSU_193,105.28631704937084,0
State_38,Stratum_13,PSU_193,102.03976578099564,0
State_38,Stratum_13,PSU_198,67.41320908742414,0
State_38,Stratum_13,PSU_195,52.39610556168979,0
State_38,Stratum_13,PSU_193,24.190855712660884,0
State_38,Stratum_13,PSU_191,31.24607887243054,0
State_38,Stratum_13,PSU_195,145.80856520349317,0
State_38,Stratum_13,PSU_191,24.06914730908779,0
State_38,Stratum_13,PSU_194,40.72008655418569,0
State_38,Stratum_13,PSU_195,106.83333042612529,0
State_38,Stratum_13,PSU_193,66.94179222672015,1
State_38,Stratum_13,PSU_192,95.8696402838716,0
State_38,Stratum_13,PSU_196,79.0737526727727,0
State_38,Stratum_13,PSU_191,125.68239978047023,0
State_38,Stratum_13,PSU_195,69.87308064830698,0
State_38,Stratum_13,PSU_193,83.98940702372599,1
State_38,Stratum_13,PSU_195,41.96531960208506,0
State_38,Stratum_13,PSU_193,80.81263339827407,0
State_38,Stratum_13,PSU_193,49.447117761768695,0
State_38,Stratum_13,PSU_193,48.05825329855545,0
State_38,Stratum_13,PSU_198,94.2856097053238,0
State_39,Stratum_25,PSU_439,22.186868471932204,0
State_39,Stratum_25,PSU_426,34.6524308752096,0
State_39,Stratum_25,PSU_421,11.636658916281464,0
State_39,Stratum_25,PSU_420,52.90934416118865,0
State_39,Stratum_25,PSU_438,15.636462512999794,1
State_39,Stratum_25,PSU_423,72.38955730981118,1
State_39,Stratum_25,PSU_441,28.941949768968072,0
State_39,Stratum_25,PSU_421,30.70785999611626,0
State_39,Stratum_25,PSU_433,24.94030540283614,0
State_39,Stratum_25,PSU_421,29.557357622032416,0
State_39,Stratum_25,PSU_434,69.3813300102967,0
State_39,Stratum_25,PSU_431,9.83992225830586,0
State_39,Stratum_25,PSU_424,64.64009163069561,0
State_39,Stratum_25,PSU_439,40.42158317315688,0
State_39,Stratum_25,PSU_426,18.668569134496405,0
State_39,Stratum_25,PSU_440,19.93936547270648,1
State_39,Stratum_25,PSU_429,78.92899511743758,0
State_39,Stratum_25,PSU_433,21.27640471316345,0
State_39,Stratum_25,PSU_433,19.176333402429027,0
State_39,Stratum_25,PSU_424,60.28054470133521,0
State_39,Stratum_25,PSU_437,40.43228408508213,0
State_39,Stratum_25,PSU_433,21.357209207015885,0
State_39,Stratum_25,PSU_421,38.04100384117857,0
State_39,Stratum_25,PSU_431,20.439632728512315,0
State_39,Stratum_25,PSU_441,59.19060547124935,0
State_39,Stratum_25,PSU_425,58.03449767081821,0
State_39,Stratum_25,PSU_423,44.538555871973095,0
State_39,Stratum_25,PSU_432,40.90215165412456,1
State_39,Stratum_25,PSU_423,82.34734380503707,0
State_39,Stratum_25,PSU_441,34.13063275890892,0
State_39,Stratum_25,PSU_433,18.904785215248545,0
State_39,Stratum_25,PSU_435,42.73802739137854,1
State_39,Stratum_25,PSU_423,96.870560883969,0
State_39,Stratum_25,PSU_420,20.552290449519944,0
State_39,Stratum_25,PSU_432,28.491926184695043,0
State_39,Stratum_25,PSU_423,42.03804988378153,0
State_39,Stratum_25,PSU_439,33.22822662377814,0
State_39,Stratum_25,PSU_437,20.88853300874416,0
State_39,Stratum_25,PSU_425,59.8164715397274,1
State_39,Stratum_25,PSU_422,108.89373514050914,0
State_39,Stratum_25,PSU_442,37.65319714738267,0
State_39,Stratum_25,PSU_432,21.721835391220274,0
State_39,Stratum_25,PSU_435,15.734753681182507,0
State_39,Stratum_25,PSU_424,38.83570786989146,1
State_39,Stratum_25,PSU_423,59.28111621687351,0
State_39,Stratum_25,PSU_440,43.29062123827878,0
State_39,Stratum_25,PSU_427,34.094982007724674,0
State_39,Stratum_25,PSU_438,25.42457720845823,0
State_40,Stratum_02,PSU_041,30.43053386208,0
State_40,Stratum_02,PSU_027,39.13349929404569,0
State_40,Stratum_02,PSU_044,38.98433536944332,0
State_40,Stratum_02,PSU_031,13.014331239263935,0
State_40,Stratum_02,PSU_028,53.84058356146244,0
State_40,Stratum_02,PSU_043,35.88579207761642,0
State_40,Stratum_02,PSU_038,63.20118519756456,0
State_40,Stratum_02,PSU_039,39.49429353298922,0
State_40,Stratum_02,PSU_038,54.85638065762943,0
State_40,Stratum_02,PSU_030,39.93805728750393,0
State_40,Stratum_02,PSU_031,62.00220248758384,0
State_40,Stratum_02,PSU_031,41.06607473122021,1
State_40,Stratum_02,PSU_028,30.11728944705637,0
State_40,Stratum_02,PSU_037,98.52145980895962,1
State_40,Stratum_02,PSU_039,49.33212992794363,0
State_40,Stratum_02,PSU_027,42.13712751659939,0
State_40,Stratum_02,PSU_041,16.70828696908011,0
State_40,Stratum_02,PSU_022,16.60831081483231,0
State_40,Stratum_02,PSU_022,36.61341749230216,0
State_40,Stratum_02,PSU_033,34.01554510811539,1
State_40,Stratum_02,PSU_042,23.266062362440056,1
State_40,Stratum_02,PSU_023,33.938442878905775,0
State_40,Stratum_02,PSU_025,69.99126820414084,0
State_40,Stratum_02,PSU_038,44.77985027431624,1
State_40,Stratum_02,PSU_025,17.877675852701625,0
State_40,Stratum_02,PSU_032,29.913282625934183,0
State_40,Stratum_02,PSU_043,21.14860170102031,0
State_40,Stratum_02,PSU_025,26.05493183345009,1
State_40,Stratum_02,PSU_022,25.71949327268452,1
State_40,Stratum_02,PSU_028,24.909125916709083,0
State_40,Stratum_02,PSU_039,16.88607544803297,1
State_40,Stratum_02,PSU_030,29.67276701211312,1
State_40,Stratum_02,PSU_024,23.897006782833383,0
State_40,Stratum_02,PSU_029,7.31065362760144,0
State_40,Stratum_02,PSU_045,88.28260087025309,0
State_40,Stratum_02,PSU_040,54.51314457299328,1
State_40,Stratum_02,PSU_025,26.203858419486945,0
State_40,Stratum_02,PSU_039,31.927463212774533,1
State_40,Stratum_02,PSU_041,17.60582576499424,0
State_40,Stratum_02,PSU_032,73.84132019840823,1
State_40,Stratum_02,PSU_035,81.67119568388415,0
State_40,Stratum_02,PSU_039,34.20609670569136,0
State_40,Stratum_02,PSU_037,52.76364186092441,1
State_40,Stratum_02,PSU_024,34.525577279317,1
State_40,Stratum_02,PSU_036,16.21106949198273,1
State_40,Stratum_02,PSU_025,25.742552084220844,0
State_40,Stratum_02,PSU_026,33.78513840688364,1
State_40,Stratum_02,PSU_038,25.198467292319823,0
State_40,Stratum_02,PSU_028,28.352930447553547,0
State_40,Stratum_02,PSU_037,30.215566891230488,1
State_40,Stratum_02,PSU_035,30.37493559633849,0
State_40,Stratum_02,PSU_037,32.46576909178975,0
State_40,Stratum_02,PSU_028,18.61103151488752,1
State_40,Stratum_02,PSU_030,22.099366782597688,0
State_40,Stratum_02,PSU_025,16.639258905231785,1
State_40,Stratum_02,PSU_043,51.57127364446681,0
State_41,Stratum_02,PSU_035,76.69111078700962,1
State_41,Stratum_02,PSU_029,92.45782861651398,0
State_41,Stratum_02,PSU_033,136.52259955450592,1
State_41,Stratum_02,PSU_044,37.61600448491116,0
State_41,Stratum_02,PSU_044,64.4124505811853,1
State_41,Stratum_02,PSU_043,50.27422197249135,1
State_41,Stratum_02,PSU_042,29.942833778724214,1
State_41,Stratum_02,PSU_029,77.98954073722126,0
State_41,Stratum_02,PSU_042,230.2113987014376,0
State_41,Stratum_02,PSU_030,26.132529088250813,1
State_41,Stratum_02,PSU_022,64.52672185026536,0
State_41,Stratum_02,PSU_027,90.33194863413446,0
State_41,Stratum_02,PSU_044,69.73893963673851,1
State_41,Stratum_02,PSU_040,61.9703292196855,1
State_41,Stratum_02,PSU_044,34.24743098166428,0
State_41,Stratum_02,PSU_032,73.67128529918833,1
State_41,Stratum_02,PSU_032,44.91796146009424,0
State_41,Stratum_02,PSU_044,21.93884661044381,0
State_41,Stratum_02,PSU_034,119.16580540153916,0
State_41,Stratum_02,PSU_032,105.89125229028356,1
State_41,Stratum_02,PSU_039,67.29259656990611,0
State_41,Stratum_02,PSU_044,73.53467619183128,0
State_41,Stratum_02,PSU_036,112.2107435580232,0
State_42,Stratum_20,PSU_331,47.71366979657196,0
State_42,Stratum_20,PSU_337,72.19858386528067,0
State_42,Stratum_20,PSU_326,95.55223504781124,0
State_42,Stratum_20,PSU_330,150.12675012121105,0
State_42,Stratum_20,PSU_331,112.442567935539,1
State_42,Stratum_20,PSU_335,45.59326728279888,1
State_42,Stratum_20,PSU_331,62.14164494326081,1
State_42,Stratum_20,PSU_326,54.24038971037013,0
State_42,Stratum_20,PSU_339,45.08808291395021,1
State_42,Stratum_20,PSU_338,40.23796117239596,0
State_42,Stratum_20,PSU_337,172.26855200108,1
State_42,Stratum_20,PSU_325,75.35569748168727,0
State_42,Stratum_20,PSU_327,67.00607660359829,0
State_42,Stratum_20,PSU_327,95.49054119033306,0
State_42,Stratum_20,PSU_337,97.88286082492183,0
State_42,Stratum_20,PSU_337,131.14600453639525,0
State_42,Stratum_20,PSU_324,51.679831936867245,0
State_42,Stratum_20,PSU_335,91.67589921110242,0
State_42,Stratum_20,PSU_326,47.52763949806445,0
State_42,Stratum_20,PSU_332,68.15737996403655,0
State_42,Stratum_20,PSU_335,77.11283183138657,0
State_42,Stratum_20,PSU_332,80.97499570500325,0
State_42,Stratum_20,PSU_331,79.20654759683178,1
State_42,Stratum_20,PSU_330,111.9233100910142,0
State_43,Stratum_19,PSU_310,240.7228919497522,0
State_43,Stratum_19,PSU_321,92.3575460723905,1
State_43,Stratum_19,PSU_322,92.31224157563504,0
State_43,Stratum_19,PSU_318,56.81077923629877,1
State_43,Stratum_19,PSU_309,89.44423012865758,0
State_43,Stratum_19,PSU_311,96.81361297883656,0
State_43,Stratum_19,PSU_315,122.1104296192242,0
State_43,Stratum_19,PSU_303,46.85702979569412,0
State_43,Stratum_19,PSU_310,154.4163580840714,1
State_43,Stratum_19,PSU_306,91.55774921063424,0
State_43,Stratum_19,PSU_305,103.58334950850022,0
State_43,Stratum_19,PSU_305,68.4286105093124,0
State_43,Stratum_19,PSU_315,48.04753489014545,0
State_43,Stratum_19,PSU_310,79.25135131669353,0
State_43,Stratum_19,PSU_309,83.9238571398442,1
State_43,Stratum_19,PSU_303,38.22722721976691,0
State_43,Stratum_19,PSU_318,113.62514774782424,0
State_44,Stratum_17,PSU_265,310.9312626752693,0
State_44,Stratum_17,PSU_265,99.96672451264024,0
State_44,Stratum_17,PSU_262,57.20344983899014,0
State_44,Stratum_17,PSU_265,279.6931858540292,0
State_44,Stratum_17,PSU_261,120.3721270828054,1
State_44,Stratum_17,PSU_260,66.38308019877151,1
State_44,Stratum_17,PSU_264,195.82433608551327,1
State_44,Stratum_17,PSU_265,270.77114589988327,0
State_44,Stratum_17,PSU_260,171.34131715140072,0
State_44,Stratum_17,PSU_265,144.85915808533034,0
State_45,Stratum_22,PSU_363,28.6027739046625,1
State_45,Stratum_22,PSU_368,74.4783858508139,0
State_45,Stratum_22,PSU_362,48.66486802202648,1
State_45,Stratum_22,PSU_362,31.681306798655896,0
State_45,Stratum_22,PSU_362,49.78605107507311,1
State_45,Stratum_22,PSU_369,49.58106224802173,0
State_45,Stratum_22,PSU_365,107.90429271715452,0
State_45,Stratum_22,PSU_365,37.8794435376809,0
State_45,Stratum_22,PSU_374,43.43995616799979,1
State_45,Stratum_22,PSU_363,72.52980032696453,1
State_45,Stratum_22,PSU_372,33.228452118924274,1
State_45,Stratum_22,PSU_372,46.37683120321003,1
State_45,Stratum_22,PSU_372,28.052142722896026,0
State_45,Stratum_22,PSU_362,102.13639400166603,0
State_45,Stratum_22,PSU_373,55.45776976077137,0
State_45,Stratum_22,PSU_371,63.96553761885625,0
State_45,Stratum_22,PSU_370,101.93226723800564,0
State_45,Stratum_22,PSU_368,44.93284061906539,0
State_45,Stratum_22,PSU_365,55.163962223140814,0
State_45,Stratum_22,PSU_373,38.021028432579975,0
State_45,Stratum_22,PSU_367,37.97968933413035,0
State_45,Stratum_22,PSU_375,40.69120351037609,0
State_45,Stratum_22,PSU_363,50.40337770101564,0
State_45,Stratum_22,PSU_368,53.19187286803604,0
State_45,Stratum_22,PSU_363,74.48661624844377,0
State_45,Stratum_22,PSU_371,41.29307920123305,0
State_45,Stratum_22,PSU_369,75.65017277346688,0
State_45,Stratum_22,PSU_369,82.17113066240775,0
State_45,Stratum_22,PSU_362,51.02890795099999,0
State_45,Stratum_22,PSU_374,43.1180239986596,0
State_45,Stratum_22,PSU_369,67.27864677404284,0
State_46,Stratum_23,PSU_398,351.6127699937447,0
State_46,Stratum_23,PSU_398,1147.54534274945,0
State_46,Stratum_23,PSU_388,378.3684555117198,0
State_46,Stratum_23,PSU_382,108.70213827009064,1
State_46,Stratum_23,PSU_390,106.30875240273298,1
State_46,Stratum_23,PSU_387,476.8778398178034,0
State_47,Stratum_27,PSU_462,14.298985331477828,0
State_47,Stratum_27,PSU_458,7.380573977754255,0
State_47,Stratum_27,PSU_460,5.257222694001531,0
State_47,Stratum_27,PSU_452,11.899584690265952,0
State_47,Stratum_27,PSU_464,17.671839300496025,1
State_47,Stratum_27,PSU_455,6.991993851764812,0
State_47,Stratum_27,PSU_457,5.041625238692242,0
State_47,Stratum_27,PSU_458,10.189054910357433,0
State_47,Stratum_27,PSU_461,10.21154368245678,1
State_47,Stratum_27,PSU_458,14.03278379991576,1
State_47,Stratum_27,PSU_461,17.150610386147044,0
State_47,Stratum_27,PSU_453,10.355615031138257,0
State_47,Stratum_27,PSU_455,26.977094004271,0
State_47,Stratum_27,PSU_456,11.933551069182728,1
State_47,Stratum_27,PSU_463,8.971233901642323,0
State_47,Stratum_27,PSU_452,4.765739879282845,1
State_47,Stratum_27,PSU_452,9.354960320301618,0
State_47,Stratum_27,PSU_461,9.016380743641932,1
State_47,Stratum_27,PSU_454,17.24270018904877,0
State_47,Stratum_27,PSU_461,13.443265715440312,0
State_47,Stratum_27,PSU_454,5.915357395562232,0
State_47,Stratum_27,PSU_463,11.62739174167392,0
State_47,Stratum_27,PSU_459,14.924468752754642,1
State_47,Stratum_27,PSU_460,22.902639318897037,0
State_47,Stratum_27,PSU_462,16.626344609401023,0
State_47,Stratum_27,PSU_463,15.606067882915925,0
State_47,Stratum_27,PSU_452,10.993228316385853,0
State_47,Stratum_27,PSU_462,12.953842742974246,0
State_47,Stratum_27,PSU_453,19.92527305411364,0
State_47,Stratum_27,PSU_461,5.478590060279839,0
State_47,Stratum_27,PSU_453,8.957729713732364,0
State_47,Stratum_27,PSU_455,7.249642113168222,0
State_47,Stratum_27,PSU_453,12.894656976351472,0
State_47,Stratum_27,PSU_458,19.734089389613263,0
State_47,Stratum_27,PSU_464,7.914918013940547,0
State_47,Stratum_27,PSU_460,3.228715223846381,1
State_47,Stratum_27,PSU_458,8.680907777048091,0
State_47,Stratum_27,PSU_463,16.843643484247824,0
State_47,Stratum_27,PSU_457,13.95798058730137,0
State_47,Stratum_27,PSU_461,13.214696774393282,1
State_47,Stratum_27,PSU_452,9.274232237026013,0
State_47,Stratum_27,PSU_462,5.627814115651291,0
State_47,Stratum_27,PSU_461,13.802967967361704,0
State_47,Stratum_27,PSU_460,7.029359367614414,0
State_47,Stratum_27,PSU_456,31.79423057972753,0
State_47,Stratum_27,PSU_462,14.189327286928236,1
State_47,Stratum_27,PSU_456,7.979791849096213,1
State_47,Stratum_27,PSU_457,7.858092202342744,0
State_47,Stratum_27,PSU_460,10.183455310733708,0
State_47,Stratum_27,PSU_464,9.463909057438588,1
State_47,Stratum_27,PSU_459,18.64640499954244,0
State_47,Stratum_27,PSU_459,11.71001622524366,1
State_47,Stratum_27,PSU_459,7.39956051714192,0
State_47,Stratum_27,PSU_452,27.45248853620904,1
State_47,Stratum_27,PSU_452,10.93414699344872,1
State_47,Stratum_27,PSU_459,15.66856249922816,1
State_47,Stratum_27,PSU_456,7.870512843015425,0
State_47,Stratum_27,PSU_460,12.791671463009813,0
State_47,Stratum_27,PSU_453,12.463339235670604,1
State_47,Stratum_27,PSU_460,4.147110523223767,0
State_47,Stratum_27,PSU_463,29.220602733967763,0
State_47,Stratum_27,PSU_459,20.33937594107421,1
State_47,Stratum_27,PSU_460,8.746370551919696,0
State_47,Stratum_27,PSU_455,6.147844964279523,1
State_47,Stratum_27,PSU_452,12.692576375923236,0
State_47,Stratum_27,PSU_452,11.140480072306026,1
State_47,Stratum_27,PSU_456,12.744132283396462,1
State_47,Stratum_27,PSU_453,11.740274273347172,0
State_47,Stratum_27,PSU_459,13.740627742509018,0
State_47,Stratum_27,PSU_461,21.996631500492327,0
State_47,Stratum_27,PSU_462,14.172281938963032,0
State_47,Stratum_27,PSU_456,6.311723195372378,1
State_47,Stratum_27,PSU_456,21.08407264902375,0
State_47,Stratum_27,PSU_453,24.228842445241824,1
State_47,Stratum_27,PSU_458,51.58674943326738,1
State_47,Stratum_27,PSU_464,6.082948090131794,0
State_47,Stratum_27,PSU_459,12.045335443872084,1
State_47,Stratum_27,PSU_461,3.7666541978178,0
State_47,Stratum_27,PSU_464,14.06671061298664,1
State_47,Stratum_27,PSU_452,8.110311925638142,0
State_47,Stratum_27,PSU_453,27.90928350896823,1
State_47,Stratum_27,PSU_461,7.242228720257274,0
State_47,Stratum_27,PSU_455,4.584334552203432,0
State_47,Stratum_27,PSU_456,8.428380212782889,1
State_47,Stratum_27,PSU_464,3.972885245065672,0
State_47,Stratum_27,PSU_453,15.530195188764363,0
State_47,Stratum_27,PSU_452,3.798836954186347,0
State_47,Stratum_27,PSU_460,10.820746557048931,0
State_47,Stratum_27,PSU_452,3.774736460202893,0
State_47,Stratum_27,PSU_464,9.08920618558004,0
State_47,Stratum_27,PSU_455,24.262344908104986,0
State_47,Stratum_27,PSU_453,12.775897960163109,0
State_47,Stratum_27,PSU_462,6.9274354227547645,0
State_47,Stratum_27,PSU_455,10.50272485877276,0
State_47,Stratum_27,PSU_459,10.76440561112396,0
State_47,Stratum_27,PSU_459,13.511641554926245,0
State_47,Stratum_27,PSU_462,5.386023172213522,0
State_47,Stratum_27,PSU_463,14.346702362130005,1
State_47,Stratum_27,PSU_460,2.759475602337777,0
State_47,Stratum_27,PSU_464,7.785742699960496,0
State_47,Stratum_27,PSU_462,8.357000385092825,0
State_47,Stratum_27,PSU_463,14.642084633003366,0
State_47,Stratum_27,PSU_456,10.789267657852372,0
State_47,Stratum_27,PSU_458,5.282793085927053,0
State_47,Stratum_27,PSU_454,6.519123376335292,0
State_47,Stratum_27,PSU_461,11.78204170834851,0
State_47,Stratum_27,PSU_455,10.25435821981655,0
State_47,Stratum_27,PSU_461,7.985875538093259,1
State_47,Stratum_27,PSU_460,8.388146544083039,0
State_47,Stratum_27,PSU_461,15.10945152632799,0
State_47,Stratum_27,PSU_461,8.23497388077183,1
State_47,Stratum_27,PSU_463,10.208195277930848,0
State_47,Stratum_27,PSU_452,31.56992012155169,0
State_47,Stratum_27,PSU_453,5.23514823405986,1
State_47,Stratum_27,PSU_456,4.226250158476151,0
State_47,Stratum_27,PSU_454,15.784545220412795,0
State_47,Stratum_27,PSU_453,7.598227129746646,1
State_47,Stratum_27,PSU_452,9.09857415019175,1
State_47,Stratum_27,PSU_461,7.218580228096791,0
State_47,Stratum_27,PSU_454,9.368344576798322,0
State_47,Stratum_27,PSU_452,23.724435111569232,0
State_47,Stratum_27,PSU_463,15.931538652842434,1
State_47,Stratum_27,PSU_452,16.4175064879648,1
State_47,Stratum_27,PSU_463,5.254700190308784,0
State_47,Stratum_27,PSU_452,5.999400874839681,1
State_47,Stratum_27,PSU_459,2.579762005072409,0
State_47,Stratum_27,PSU_454,7.117425463182285,0
State_47,Stratum_27,PSU_462,17.211677390621173,0
State_47,Stratum_27,PSU_452,13.814375269766526,0
State_47,Stratum_27,PSU_458,9.549414529952994,1
State_47,Stratum_27,PSU_461,10.549583035781712,0
State_47,Stratum_27,PSU_454,7.559414250050416,1
State_47,Stratum_27,PSU_459,11.817906952557609,0
State_47,Stratum_27,PSU_455,15.645379254178165,0
State_47,Stratum_27,PSU_455,4.75545834999069,1
State_47,Stratum_27,PSU_456,12.392114243978732,0
State_47,Stratum_27,PSU_457,17.004090177656575,0
State_48,Stratum_26,PSU_444,66.66108310941678,1
State_48,Stratum_26,PSU_447,42.59160758997963,0
State_48,Stratum_26,PSU_445,21.32714215155053,0
State_48,Stratum_26,PSU_444,12.286535623398908,0
State_48,Stratum_26,PSU_446,23.826796324318234,0
State_48,Stratum_26,PSU_446,70.09875427813155,0
State_48,Stratum_26,PSU_446,89.55979548184263,1
State_48,Stratum_26,PSU_446,31.95122104951434,0
State_48,Stratum_26,PSU_445,17.334195106304893,1
State_48,Stratum_26,PSU_449,26.02230320769935,0
State_48,Stratum_26,PSU_451,63.565043251986026,0
State_48,Stratum_26,PSU_447,26.77996910830947,0
State_48,Stratum_26,PSU_446,48.31406636380228,1
State_48,Stratum_26,PSU_444,39.15154652218812,0
State_48,Stratum_26,PSU_444,51.32420139452921,1
State_48,Stratum_26,PSU_447,89.31471652024152,0
State_48,Stratum_26,PSU_449,48.32995289761576,0
State_48,Stratum_26,PSU_451,38.73017112045349,0
State_48,Stratum_26,PSU_449,94.38173378561036,0
State_48,Stratum_26,PSU_447,42.85990717636182,0
State_48,Stratum_26,PSU_448,24.208093631356867,0
State_48,Stratum_26,PSU_445,50.74907638138907,1
State_48,Stratum_26,PSU_447,45.01017361523344,0
State_48,Stratum_26,PSU_450,30.852247566172213,1
State_48,Stratum_26,PSU_443,27.781428204586827,0
State_48,Stratum_26,PSU_443,31.001358615541527,1
State_48,Stratum_26,PSU_449,27.583453849320367,1
State_48,Stratum_26,PSU_447,31.50924088170705,0
State_48,Stratum_26,PSU_447,23.612175083408896,1
State_48,Stratum_26,PSU_443,43.65152058664648,0
State_48,Stratum_26,PSU_451,42.045881154059536,1
State_48,Stratum_26,PSU_443,42.76678124519079,0
State_48,Stratum_26,PSU_447,34.88218023315196,0
State_48,Stratum_26,PSU_451,32.92819051622561,1
State_48,Stratum_26,PSU_446,74.00729521390694,0
State_48,Stratum_26,PSU_450,37.22065007883912,0
State_48,Stratum_26,PSU_448,67.69715778345335,1
State_48,Stratum_26,PSU_445,21.866434326366736,0
State_48,Stratum_26,PSU_446,48.3153681201256,0
State_48,Stratum_26,PSU_444,24.9234531853537,0
State_48,Stratum_26,PSU_443,27.250852617718333,0
State_48,Stratum_26,PSU_450,29.288878000281905,1
State_48,Stratum_26,PSU_443,28.38501284607373,0
State_48,Stratum_26,PSU_443,28.45598322812299,0
State_48,Stratum_26,PSU_446,66.141627783745,1
State_48,Stratum_26,PSU_448,36.81356384644861,1
State_48,Stratum_26,PSU_451,40.273289920812346,0
State_48,Stratum_26,PSU_443,28.633598232755965,0
State_48,Stratum_26,PSU_449,55.23685675710559,1
State_48,Stratum_26,PSU_447,42.97802388499307,0
State_48,Stratum_26,PSU_450,30.836419764634314,0
State_49,Stratum_19,PSU_314,98.28871684155062,0
State_49,Stratum_19,PSU_318,54.430132549817294,0
State_49,Stratum_19,PSU_319,95.99580851437888,0
State_49,Stratum_19,PSU_309,39.87008551966889,0
State_49,Stratum_19,PSU_315,18.217058374307435,1
State_49,Stratum_19,PSU_304,67.77720639465535,0
State_49,Stratum_19,PSU_306,17.88422515304881,0
State_49,Stratum_19,PSU_312,47.98865532988653,0
State_49,Stratum_19,PSU_309,71.06006547485633,1
State_49,Stratum_19,PSU_319,51.831237546661306,0
State_49,Stratum_19,PSU_322,137.68729645139484,0
State_49,Stratum_19,PSU_308,16.49239084878032,0
State_49,Stratum_19,PSU_321,42.28503642560908,1
State_49,Stratum_19,PSU_307,44.46006380116976,1
State_49,Stratum_19,PSU_312,22.506681098440104,1
State_49,Stratum_19,PSU_311,24.754250597218583,1
State_49,Stratum_19,PSU_315,28.88433207925005,0
State_49,Stratum_19,PSU_321,25.4328072321108,0
State_49,Stratum_19,PSU_308,41.75696592368988,0
State_49,Stratum_19,PSU_306,32.6022453202983,0
State_49,Stratum_19,PSU_305,51.666923694994495,0
State_49,Stratum_19,PSU_305,60.9820064258833,0
State_49,Stratum_19,PSU_306,58.95374131024751,0
State_49,Stratum_19,PSU_307,35.90226869485842,1
State_49,Stratum_19,PSU_310,50.810418679140525,0
State_49,Stratum_19,PSU_318,73.95287522185961,1
State_49,Stratum_19,PSU_305,55.07224680805444,1
State_49,Stratum_19,PSU_314,111.64815554253074,0
State_49,Stratum_19,PSU_310,72.02066590686697,1
State_49,Stratum_19,PSU_315,104.07035358958368,0
State_49,Stratum_19,PSU_306,12.675766828887149,0
State_49,Stratum_19,PSU_316,46.25648505354626,0
State_49,Stratum_19,PSU_316,37.48336971915096,1
State_49,Stratum_19,PSU_315,41.40384478721746,0
State_50,Stratum_23,PSU_395,29.29130602858068,0
State_50,Stratum_23,PSU_386,35.43569204647149,0
State_50,Stratum_23,PSU_376,58.89183615875891,1
State_50,Stratum_23,PSU_381,21.755455029224283,0
State_50,Stratum_23,PSU_386,21.72711507314112,1
State_50,Stratum_23,PSU_376,49.51042639579742,0
State_50,Stratum_23,PSU_396,32.31836813412784,0
State_50,Stratum_23,PSU_382,52.51889595574995,0
State_50,Stratum_23,PSU_381,32.19178428989439,0
State_50,Stratum_23,PSU_389,15.623699542158962,1
State_50,Stratum_23,PSU_377,14.307488833336835,0
State_50,Stratum_23,PSU_379,12.827497996987011,1
State_50,Stratum_23,PSU_386,38.798174229943065,0
State_50,Stratum_23,PSU_390,50.48345625797096,0
State_50,Stratum_23,PSU_393,70.247754473063,0
State_50,Stratum_23,PSU_376,42.474331908212655,0
State_50,Stratum_23,PSU_378,49.83744260086577,0
State_50,Stratum_23,PSU_378,20.84969053912958,0
State_50,Stratum_23,PSU_382,15.6291750611209,0
State_50,Stratum_23,PSU_376,42.6226984322833,0
State_50,Stratum_23,PSU_386,34.335769327576,0
State_50,Stratum_23,PSU_381,29.402198762372663,0
State_50,Stratum_23,PSU_395,33.81934623391413,0
State_50,Stratum_23,PSU_378,32.75121345456467,0
State_50,Stratum_23,PSU_394,52.94510923930151,0
State_50,Stratum_23,PSU_377,53.24160100917455,0
State_50,Stratum_23,PSU_393,36.57838339802216,0
State_50,Stratum_23,PSU_387,42.53165866957154,1
State_50,Stratum_23,PSU_385,36.03095926345223,0
State_50,Stratum_23,PSU_380,22.12619954607823,0
State_50,Stratum_23,PSU_384,40.67564903845927,0
State_50,Stratum_23,PSU_377,13.875153710202014,0
State_50,Stratum_23,PSU_377,47.19524039233542,0
State_50,Stratum_23,PSU_381,15.334202673789171,0
State_50,Stratum_23,PSU_385,32.14474277729334,0
State_50,Stratum_23,PSU_393,18.261048479742367,0
State_50,Stratum_23,PSU_387,36.74645519584904,0
State_50,Stratum_23,PSU_379,27.39566143996547,0
State_50,Stratum_23,PSU_397,12.553120663728937,1
State_50,Stratum_23,PSU_396,34.38763622539065,0
State_50,Stratum_23,PSU_392,20.871547833112228,0
State_50,Stratum_23,PSU_390,43.28995546181287,1
State_50,Stratum_23,PSU_381,27.88280293648091,0
State_50,Stratum_23,PSU_391,33.955735009490525,0
State_50,Stratum_23,PSU_392,17.26295359490018,0
State_50,Stratum_23,PSU_378,20.7527995676704,1
State_50,Stratum_23,PSU_385,22.154219039192625,1
State_50,Stratum_23,PSU_380,42.76408061806524,0
State_50,Stratum_23,PSU_389,64.45941597757556,0
State_50,Stratum_23,PSU_396,18.629780385798043,0
State_50,Stratum_23,PSU_388,47.74008228624732,0
State_50,Stratum_23,PSU_381,9.416924634381386,0
State_50,Stratum_23,PSU_387,15.336760161849922,1
State_50,Stratum_23,PSU_383,17.252516969697023,0
State_50,Stratum_23,PSU_380,14.169516439863507,0
